0,-0.358,-0.267,-0.303,-0.285,-0.164,-0.164,-0.0953,0.0488,0.0574,0.48,0.38,0.291,-0.0615,-0.062,0.165,-0.0756,0.097,-0.22,-0.194,-0.0489,0.136,0.569,0.424,0.072,-0.0669,-0.219,-0.0508,0.518,0.327,-0.00247,-0.175,-0.138,0.0367,-0.208,-0.136,-0.0771,-0.197,0.00807,-0.316,0.245,0.0149,0.132,-0.225,-0.167,-0.391,0.455,0.289,-0.0203,0.463,0.436,0.237,-0.236,-0.27,-0.235,-0.333,0.0235,-0.292,-0.142,-0.08,-0.235,-0.0598,0.498,0.316,0.225,0.0518,-0.211,0.114,-0.2,-0.153,-0.17,-0.0858,0.136,0.342,-0.0877,-0.0673,-0.0953,-0.162,-0.0313,0.394,0.109,-0.177,0.0516,0.0966,0.0586,-0.371,-0.17,-0.0394,-0.285,-0.25,-0.153,-0.208,-0.353,0.104,-0.15,0.189,0.329,0.0797,0.19,0.42,0.151,0.391,0.153,0.093,0.19,0.141,0.565,0.579,0.361,-0.119,-0.127,0.0674,0.129,0.414,0.38,0.0971
-0.358,0,0.579,0.636,0.655,0.594,0.356,0.404,-0.0545,0.199,-0.453,-0.283,-0.303,-0.0524,0.268,0.15,0.455,-0.278,0.129,0.151,0.167,-0.04,-0.368,-0.26,0.132,0.143,0.0883,0.121,-0.424,-0.332,-0.0409,0.223,0.202,0.0881,0.0819,0.287,0.125,0.0974,-0.181,0.0839,-0.478,-0.141,-0.233,-0.0932,0.11,0.203,-0.161,0.0789,-0.148,-0.256,-0.305,-0.332,0.687,0.543,0.56,0.61,0.221,0.615,0.356,-0.0231,0.201,0.178,-0.494,-0.361,-0.188,-0.123,0.661,-0.122,0.377,0.213,0.15,0.0176,0.00975,-0.241,-0.0288,0.0702,0.139,0.0219,0.0647,-0.493,-0.0936,0.36,0.00999,0.117,-0.337,-0.146,0.0207,-0.00844,-0.0445,0.239,-0.357,-0.176,0.0436,-0.459,0.0238,-0.059,-0.0335,-0.157,0.131,-0.332,-0.0956,-0.0922,-0.0959,-0.0178,-0.116,0.0156,-0.6,-0.375,-0.371,0.0991,0.23,0.00417,0.114,-0.653,-0.371,-0.173
-0.267,0.579,0,0.684,0.512,0.0924,-0.0374,0.251,-0.0417,0.355,-0.41,-0.28,-0.501,0.0408,-0.0877,-0.0552,-0.0248,-0.49,-0.121,-0.0358,-0.0221,-0.121,-0.456,-0.351,0.383,0.299,0.289,0.158,-0.436,-0.391,0.22,-0.157,0.0387,-0.204,0.131,0.118,-0.0237,0.474,0.2,0.347,-0.293,-0.0515,-0.149,-0.00112,0.447,0.213,-0.282,0.0893,-0.0148,-0.34,-0.18,-0.118,0.245,0.8,0.311,0.44,-0.0869,0.497,0.468,0.264,0.171,0.366,-0.327,-0.33,-0.202,0.152,0.268,-0.304,-0.124,-0.0407,-0.043,-0.0766,-0.254,-0.506,0.281,0.177,-0.00517,0.096,0.252,-0.517,-0.129,-0.0698,-0.135,-0.078,-0.209,-0.0901,0.0849,0.0351,0.369,0.139,-0.0799,0.0456,0.332,-0.276,0.469,-0.104,0.0121,-0.0721,-0.263,-0.157,0.168,-0.0598,-0.122,0.128,0.0518,0.13,-0.412,-0.455,-0.165,0.0567,0.282,0.156,0.22,-0.52,-0.468,-0.036
-0.303,0.636,0.684,0,0.806,0.375,0.457,0.645,-0.128,0.192,-0.465,-0.352,-0.513,0.141,-0.114,-0.0285,0.19,-0.462,-0.108,-0.111,-0.0438,-0.3,-0.473,-0.285,0.239,0.319,0.0663,0.334,-0.327,-0.461,-0.0861,-0.0468,-0.0848,-0.16,0.093,0.212,-0.163,0.418,0.077,0.296,-0.243,-0.0254,-0.146,-0.00865,0.408,0.144,-0.152,-0.091,0.0236,-0.408,-0.254,-0.137,0.521,0.673,0.613,0.801,0.367,0.751,0.424,0.0408,0.0738,0.234,-0.455,-0.396,-0.372,0.0965,0.452,-0.356,0.0864,-0.0334,-0.0199,-0.154,-0.307,-0.374,0.0416,0.136,-0.0803,-0.0189,0.266,-0.304,-0.0863,0.0606,-0.159,-0.0835,-0.303,-0.108,-0.0162,-0.0308,0.298,0.119,-0.188,-0.102,0.245,-0.208,0.316,0.0051,-0.069,-0.0101,-0.301,-0.228,0.0722,-0.148,-0.23,0.247,-0.0136,-0.0374,-0.448,-0.441,-0.0777,-0.0947,0.384,0.00623,0.0466,-0.508,-0.321,0.0505
-0.285,0.655,0.512,0.806,0,0.484,0.638,0.761,-0.263,-0.0372,-0.466,-0.427,-0.455,0.0354,0.0489,0.108,0.417,-0.403,-0.086,-0.142,-0.1,-0.341,-0.402,-0.255,0.188,0.0704,-0.00651,0.199,-0.277,-0.387,-0.178,0.105,-0.0468,-0.131,0.0936,0.367,-0.0412,0.281,-0.0221,0.244,-0.235,-0.0168,-0.105,0.034,0.19,0.0605,-0.17,-0.197,0.0861,-0.345,-0.306,-0.106,0.659,0.566,0.768,0.819,0.509,0.828,0.257,-0.178,-0.0385,0.0515,-0.507,-0.353,-0.428,-0.11,0.626,-0.169,0.275,-0.0534,0.017,-0.291,-0.248,-0.29,-0.0036,-0.101,-0.0748,-0.139,0.0452,-0.212,-0.0778,0.175,-0.128,-0.1,-0.335,-0.0506,-0.185,-0.112,0.163,0.224,-0.163,-0.22,0.203,-0.195,0.0972,0.00229,-0.114,0.0632,-0.166,-0.317,-0.0928,-0.159,-0.389,0.0719,-0.132,-0.111,-0.461,-0.379,-0.0982,-0.19,0.266,-0.0693,-0.0999,-0.426,-0.186,0.0476
-0.164,0.594,0.0924,0.375,0.484,0,0.458,0.419,0.0898,0.138,-0.0901,0.0225,0.141,0.0995,0.186,0.191,0.386,-0.0484,0.257,0.14,0.125,-0.159,-0.0159,-0.0555,-0.0945,0.0233,-0.214,0.079,-0.0875,-0.0751,-0.158,0.215,0.0462,0.112,0.0412,0.171,-0.00479,-0.103,-0.307,-0.0483,-0.236,0.0166,-0.114,-0.183,-0.165,-0.0294,0.0154,-0.0671,-0.142,0.118,-0.247,-0.25,0.738,0.188,0.5,0.501,0.456,0.469,0.25,0.0202,0.151,0.0553,-0.216,-0.103,0.0548,-0.165,0.588,-0.104,0.394,0.367,0.0899,0.0346,0.145,0.0571,-0.257,0.0162,-0.0288,-0.308,-0.117,-0.0774,-0.0138,0.353,0.0526,0.144,-0.256,-0.188,-0.207,-0.123,-0.191,0.0557,-0.499,-0.336,-0.137,-0.282,-0.309,-0.0469,-0.138,-0.0592,0.317,-0.321,-0.241,-0.0838,-0.0302,-0.174,-0.131,-0.0835,-0.234,-0.125,-0.248,0.0369,-0.0454,-0.0512,0.0361,-0.293,-0.0665,-0.145
-0.164,0.356,-0.0374,0.457,0.638,0.458,0,0.72,-0.212,-0.222,-0.0872,-0.121,-0.072,0.0803,0.0261,0.0887,0.285,-0.214,-0.0457,-0.25,-0.21,-0.33,-0.0176,0.0487,-0.0743,-0.0496,-0.318,0.157,-0.00357,-0.117,-0.323,0.0838,-0.13,-0.0853,-0.0471,0.217,-0.124,0.0488,-0.198,0.125,0.0256,0.204,0.205,0.118,-0.00786,0.0152,0.161,-0.247,0.275,-0.216,-0.0418,-0.0962,0.578,0.122,0.624,0.686,0.688,0.573,0.0707,-0.329,-0.133,-0.124,-0.223,0.0363,-0.227,-0.172,0.472,-0.137,0.264,-0.0712,-0.0819,-0.323,-0.0884,0.145,-0.201,-0.191,-0.0653,-0.264,-0.0902,0.143,0.0555,0.112,-0.0919,-0.126,-0.234,0.00627,-0.284,-0.193,0.011,0.0641,-0.02,-0.376,0.037,0.032,-0.22,0.255,-0.0227,0.106,-0.0859,-0.0147,-0.0575,-0.106,-0.299,0.0371,-0.283,-0.368,-0.282,-0.173,-0.0655,-0.212,0.19,-0.221,-0.238,-0.158,0.0805,0.0902
-0.0953,0.404,0.251,0.645,0.761,0.419,0.72,0,-0.224,-0.149,-0.129,-0.203,-0.207,0.081,-0.0951,-0.0209,0.279,-0.397,-0.205,-0.386,-0.337,-0.403,-0.117,-0.0683,0.101,-0.0588,-0.24,0.113,-0.105,-0.247,-0.28,0.0473,-0.0619,-0.173,0.0401,0.342,-0.0607,0.284,-0.0301,0.273,-0.0313,0.151,0.183,0.212,0.172,0.0377,0.0726,-0.175,0.191,-0.139,-0.0405,-0.114,0.644,0.421,0.683,0.76,0.68,0.751,0.101,-0.323,-0.298,-0.115,-0.208,-0.11,-0.363,-0.076,0.483,-0.215,0.151,-0.253,-0.193,-0.51,-0.313,-0.0973,-0.154,-0.298,-0.178,-0.42,-0.161,-0.0432,-0.144,-0.0216,-0.128,-0.231,-0.212,0.00986,-0.341,-0.326,0.106,0.117,-0.0116,-0.407,0.177,-0.0955,-0.0548,0.104,-0.125,0.238,-0.129,-0.0984,0.015,-0.0668,-0.308,-0.00858,-0.207,-0.248,-0.21,-0.242,0.0374,-0.341,0.0777,-0.188,-0.219,-0.2,-0.124,0.0594
0.0488,-0.0545,-0.0417,-0.128,-0.263,0.0898,-0.212,-0.224,0,0.53,0.286,0.577,0.515,0.421,0.0535,-0.125,-0.206,0.248,0.446,0.0658,0.22,0.0159,0.154,0.0597,-0.119,0.284,-0.137,0.172,-0.0255,0.224,0.06,0.0647,0.0293,0.211,-0.0373,-0.233,-0.191,0.0249,0.0183,-0.051,0.00286,0.0288,0.101,-0.162,-0.118,-0.0856,-0.0241,0.0208,-0.0544,0.0769,0.167,-0.0567,-0.0412,-0.0927,-0.228,-0.202,-0.159,-0.211,0.358,0.382,0.213,0.459,0.333,0.304,0.472,0.448,-0.0958,-0.233,-0.0501,0.297,-0.239,0.261,0.119,0.0777,-0.166,0.328,0.131,-0.165,0.191,-0.161,-0.0728,0.152,0.163,0.232,0.318,0.13,0.0023,0.0425,0.0365,-0.229,-0.161,0.0271,-0.0511,-0.0287,-0.112,-0.247,-0.115,-0.00769,0.0275,0.0134,0.225,0.155,0.5,-0.136,0.24,0.0532,0.0206,0.0336,-0.126,0.327,-0.135,0.164,0.196,0.0333,-0.0456,-0.0749
0.0574,0.199,0.355,0.192,-0.0372,0.138,-0.222,-0.149,0.53,0,0.0437,0.354,0.116,0.361,-0.0467,0.0679,-0.111,0.000767,0.119,0.253,0.234,0.162,-0.0394,-0.0502,0.409,0.478,0.0891,0.259,-0.181,-0.0381,0.17,-0.109,-0.0856,0.0415,-0.14,-0.00255,0.00269,0.231,0.051,0.0934,-0.174,-0.034,-0.102,-0.222,0.0861,-0.111,-0.158,0.0126,-0.0283,0.0577,0.137,-0.148,-0.0241,0.255,-0.0856,-0.0483,-0.0708,0.0122,0.574,0.409,0.47,0.775,0.2,0.18,0.306,0.336,0.037,-0.214,-0.084,0.152,0.034,0.23,0.141,0.0079,0.187,0.583,0.0417,-0.00292,0.265,-0.274,0.0049,0.0676,-0.0411,0.156,0.044,-0.207,-0.0505,-0.00492,0.127,-0.0286,-0.333,0.0122,0.0742,-0.208,0.0272,-0.293,0.0522,0.0052,0.0384,0.124,0.298,0.288,0.338,-0.105,0.188,0.0843,-0.119,-0.0817,-0.188,0.206,-0.142,0.219,0.402,-0.215,-0.24,-0.181
0.48,-0.453,-0.41,-0.465,-0.466,-0.0901,-0.0872,-0.129,0.286,0.0437,0,0.685,0.685,0.282,-0.147,-0.136,-0.427,0.077,-0.191,-0.365,-0.41,0.0375,0.791,0.524,-0.187,-0.232,-0.484,-0.155,0.513,0.497,-0.0389,-0.222,-0.127,-0.0562,-0.136,-0.328,-0.244,-0.135,-0.233,-0.258,0.402,0.277,0.487,-0.0874,-0.278,-0.319,0.549,0.304,0.0369,0.462,0.657,0.108,-0.249,-0.343,-0.381,-0.404,-0.0174,-0.418,-0.0935,-0.0313,-0.34,-0.0699,0.811,0.683,0.435,0.202,-0.405,-0.0724,-0.36,-0.24,-0.518,-0.3,0.11,0.524,-0.221,-0.249,0.0571,-0.334,-0.143,0.384,0.0264,-0.301,0.269,-0.0129,0.165,0.0526,-0.121,0.0392,-0.0965,-0.39,0.13,-0.346,-0.33,0.249,-0.331,0.346,0.32,0.119,0.129,0.465,0.249,0.383,0.287,-0.155,0.019,-0.147,0.499,0.304,0.239,-0.00796,-0.289,-0.00217,0.0402,0.434,0.269,0.0619
0.38,-0.283,-0.28,-0.352,-0.427,0.0225,-0.121,-0.203,0.577,0.354,0.685,0,0.672,0.394,-0.0337,-0.0798,-0.349,0.216,0.11,-0.17,-0.104,0.045,0.551,0.466,-0.159,0.0331,-0.313,0.0524,0.328,0.41,-0.0642,-0.161,-0.203,0.048,-0.241,-0.332,-0.305,-0.127,-0.155,-0.192,0.341,0.21,0.254,-0.252,-0.222,-0.306,0.362,0.0791,0.0618,0.337,0.403,0.147,-0.185,-0.262,-0.345,-0.33,-0.0662,-0.355,0.117,0.268,-0.0197,0.281,0.682,0.634,0.598,0.264,-0.263,-0.204,-0.135,0.0606,-0.375,0.0226,0.241,0.462,-0.216,0.136,0.0587,-0.256,0.106,0.228,0.026,-0.0709,0.211,0.172,0.125,-0.0586,-0.129,-0.0349,-0.112,-0.375,-0.122,-0.249,-0.273,0.181,-0.259,0.07,0.2,0.0244,0.177,0.305,0.144,0.292,0.574,-0.14,0.119,-0.151,0.41,0.295,0.126,0.302,-0.215,0.0875,0.139,0.339,0.31,0.0846
0.291,-0.303,-0.501,-0.513,-0.455,0.141,-0.072,-0.207,0.515,0.116,0.685,0.672,0,0.204,0.141,-0.0227,-0.18,0.415,0.309,-0.0382,-0.0607,0.194,0.674,0.351,-0.339,-0.224,-0.503,-0.222,0.313,0.521,-0.00573,0.0406,-0.0187,0.196,-0.174,-0.324,-0.124,-0.261,-0.234,-0.28,0.213,0.113,0.241,-0.107,-0.401,-0.26,0.278,0.148,-0.0938,0.417,0.422,-0.0901,-0.0299,-0.421,-0.286,-0.411,-0.0466,-0.4,-0.013,0.12,-0.0785,-0.0232,0.639,0.696,0.656,0.0838,-0.155,0.0669,-0.0472,0.207,-0.341,0.0182,0.401,0.549,-0.339,-0.11,0.121,-0.396,-0.297,0.232,-0.00934,0.0358,0.239,0.157,0.284,0.0726,-0.224,-0.063,-0.224,-0.363,-0.0287,-0.249,-0.308,0.113,-0.455,0.0469,0.0457,-0.0601,0.302,0.162,0.0229,0.245,0.37,-0.291,-0.0322,-0.197,0.342,0.356,-0.0379,0.174,-0.421,-0.0638,-0.00646,0.34,0.259,-0.117
-0.0615,-0.0524,0.0408,0.141,0.0354,0.0995,0.0803,0.081,0.421,0.361,0.282,0.394,0.204,0,-0.183,-0.0948,-0.272,0.0744,-0.0594,-0.254,-0.0404,-0.133,0.114,0.307,0.0183,0.358,0.00301,0.493,-0.119,-0.0788,-0.276,-0.129,-0.162,0.0057,-0.0385,-0.146,-0.352,0.27,0.0417,-0.0359,0.0923,0.0575,0.121,-0.158,0.125,-0.113,0.0439,-0.00696,0.0994,-0.259,0.201,0.12,-0.0905,0.0794,-0.0436,0.0592,0.0182,0.0635,0.48,0.208,-0.0674,0.471,0.434,0.307,0.224,0.711,-0.0683,-0.432,-0.166,0.00171,-0.3,-0.083,-0.0538,0.151,-0.103,0.27,0.0948,-0.144,0.349,-0.122,-0.0965,-0.0538,0.0952,0.0309,0.0597,-0.00861,-0.0551,0.113,0.217,-0.278,-0.0899,-0.274,-0.0913,0.0208,0.0485,0.014,0.135,0.0435,-0.35,0.0856,0.271,0.147,0.32,0.0572,0.347,-0.00667,-0.134,-0.23,0.0099,0.135,0.0327,0.325,0.142,-0.0293,0.0407,0.0491
-0.062,0.268,-0.0877,-0.114,0.0489,0.186,0.0261,-0.0951,0.0535,-0.0467,-0.147,-0.0337,0.141,-0.183,0,0.387,0.54,0.487,0.412,0.349,0.362,0.432,-0.0477,-0.0975,-0.188,-0.149,0.0128,-0.0669,-0.0189,0.0502,0.18,0.513,0.316,0.555,-0.0909,0.0258,0.117,-0.432,-0.231,-0.37,-0.314,-0.395,-0.299,-0.156,-0.369,-0.0637,-0.273,0.158,-0.204,0.0865,-0.0772,0.114,0.163,-0.162,0.101,-0.114,-0.117,-0.0894,0.0169,0.00186,0.205,0.00909,-0.191,-0.0995,0.108,-0.191,0.332,0.324,0.518,0.407,0.214,0.31,0.46,0.207,-0.219,0.0436,0.349,0.0593,-0.0811,-0.0858,-0.178,0.56,0.326,0.453,0.0278,-0.113,0.0419,0.0313,-0.455,-0.0406,-0.358,-0.23,-0.408,-0.291,-0.386,-0.218,-0.0445,-0.218,0.382,-0.345,-0.401,-0.0904,0.096,-0.191,0.062,0.0696,-0.132,0.154,-0.208,0.314,0.000786,0.0359,-0.143,-0.0497,0.133,-0.0808
0.165,0.15,-0.0552,-0.0285,0.108,0.191,0.0887,-0.0209,-0.125,0.0679,-0.136,-0.0798,-0.0227,-0.0948,0.387,0,0.497,0.337,0.0685,0.348,0.412,0.452,0.0274,0.0913,0.222,0.0204,0.0855,-0.0056,0.1,-0.212,-0.0594,0.0564,-0.0648,0.162,-0.138,0.0604,0.191,-0.352,0.0246,-0.347,-0.166,-0.344,-0.347,-0.124,-0.155,-0.173,-0.179,0.0582,0.0709,0.146,0.0559,0.165,-0.00117,-0.167,0.177,-0.0829,0.0636,-0.00283,0.145,-0.102,0.162,0.0579,-0.0825,-0.0245,0.081,-0.121,0.331,0.546,0.198,0.244,0.388,0.295,0.545,0.196,0.166,0.206,-0.0137,0.0016,-0.0367,0.206,0.127,0.237,-0.129,0.279,-0.125,-0.452,-0.169,-0.105,-0.418,-0.0274,-0.262,-0.072,-0.305,-0.131,-0.208,-0.053,0.0419,0.0441,0.203,-0.234,-0.302,0.265,0.015,-0.0264,0.3,0.182,-0.1,0.138,0.034,0.157,0.00828,0.29,0.173,-0.0352,0.214,0.0141
-0.0756,0.455,-0.0248,0.19,0.417,0.386,0.285,0.279,-0.206,-0.111,-0.427,-0.349,-0.18,-0.272,0.54,0.497,0,0.173,0.155,0.333,0.418,0.171,-0.201,-0.189,0.0642,-0.14,0.0349,-0.0586,-0.167,-0.231,-0.158,0.621,0.285,0.41,-0.0606,0.487,0.416,-0.228,-0.149,-0.188,-0.411,-0.468,-0.436,3.27e-05,-0.286,0.0146,-0.298,-0.134,-0.143,-0.0179,-0.267,-0.0818,0.432,0.0218,0.526,0.23,0.273,0.339,-0.063,-0.381,0.0299,-0.0808,-0.447,-0.373,-0.214,-0.294,0.627,0.451,0.752,0.229,0.447,0.158,0.228,0.0147,-0.0514,-0.0337,0.113,-0.00657,-0.232,-0.0768,-0.0834,0.65,0.111,0.352,-0.148,-0.106,-0.0794,-0.169,-0.397,0.396,-0.372,-0.0697,-0.157,-0.356,-0.37,-0.28,-0.19,-0.0171,0.4,-0.478,-0.45,0.0529,-0.191,-0.18,-0.0571,0.00665,-0.298,0.0682,-0.212,-0.0943,-0.0496,-0.0601,-0.111,-0.252,0.0222,-0.1
0.097,-0.278,-0.49,-0.462,-0.403,-0.0484,-0.214,-0.397,0.248,0.000767,0.077,0.216,0.415,0.0744,0.487,0.337,0.173,0,0.455,0.4,0.487,0.534,0.187,0.134,-0.197,-0.0547,0.0387,-0.0178,0.143,0.0677,0.0159,0.232,0.0297,0.471,-0.073,-0.319,-0.00398,-0.325,0.115,-0.357,0.0645,-0.338,-0.285,-0.0944,-0.253,-0.111,-0.212,0.0299,-0.113,0.143,0.0727,0.275,-0.269,-0.588,-0.29,-0.492,-0.204,-0.482,-0.0176,0.208,0.2,-0.0103,0.18,0.206,0.392,-0.00346,-0.138,0.341,0.214,0.512,0.203,0.501,0.632,0.393,-0.206,0.285,0.19,-0.0309,0.00771,0.209,-0.0416,0.322,0.0916,0.372,0.205,-0.114,-0.0995,-0.00599,-0.315,-0.321,-0.147,0.0121,-0.366,0.0885,-0.275,-0.225,-0.137,-0.112,0.168,-0.229,-0.363,0.00946,0.283,-0.047,0.284,0.0814,0.195,0.283,0.06,0.32,-0.211,0.0832,-0.127,0.314,0.324,0.0729
-0.22,0.129,-0.121,-0.108,-0.086,0.257,-0.0457,-0.205,0.446,0.119,-0.191,0.11,0.309,-0.0594,0.412,0.0685,0.155,0.455,0,0.472,0.366,0.0674,-0.163,-0.258,-0.21,0.0176,0.0463,-0.0672,-0.0989,0.148,0.159,0.235,0.0098,0.2,0.0346,-0.172,-0.0404,-0.261,-0.0364,-0.0522,-0.145,-0.0456,-0.161,-0.137,-0.184,0.0106,-0.256,-0.199,-0.201,-0.00045,-0.316,-0.0676,0.223,-0.154,0.0143,-0.0361,-0.073,-0.0908,0.0205,0.386,0.429,0.126,-0.184,0.00695,0.313,-0.0943,0.192,0.0618,0.341,0.671,0.224,0.45,0.317,-0.0571,-0.13,0.2,0.074,-0.00228,-0.00628,-0.12,0.122,0.401,-0.0276,0.18,0.26,0.0648,-0.0899,0.00365,-0.15,-0.0486,-0.17,0.143,-0.0299,-0.0689,-0.0999,-0.326,-0.369,-0.229,0.246,-0.292,-0.146,-0.285,0.155,-0.0808,0.0969,-0.0214,-0.101,0.0254,-0.299,0.322,0.0439,0.0204,-0.0163,0.0253,-0.0151,-0.0392
-0.194,0.151,-0.0358,-0.111,-0.142,0.14,-0.25,-0.386,0.0658,0.253,-0.365,-0.17,-0.0382,-0.254,0.349,0.348,0.333,0.4,0.472,0,0.51,0.426,-0.237,-0.365,0.239,0.00866,0.273,-0.2,-0.126,-0.121,0.129,0.0854,-0.132,0.0699,-0.0415,-0.0166,0.368,-0.235,0.116,-0.00165,-0.149,-0.285,-0.476,-0.166,-0.108,-0.0587,-0.44,-0.177,-0.12,0.0688,-0.298,-0.0281,-0.0289,-0.0714,-0.0146,-0.182,-0.142,-0.137,0.0117,0.242,0.669,0.152,-0.34,-0.266,0.0873,-0.325,0.201,0.436,0.284,0.466,0.7,0.5,0.421,-0.0785,0.227,0.37,-0.138,0.231,-0.0995,-0.0475,0.128,0.272,-0.224,0.134,0.0287,-0.221,-0.0947,-0.00789,-0.206,0.15,-0.209,0.369,0.0643,-0.00539,0.00619,-0.315,-0.189,-0.035,0.28,-0.269,-0.308,-0.0917,0.0192,-0.0722,0.0341,0.133,-0.159,0.0267,-0.195,0.0893,-0.0756,8.06e-05,0.13,-0.0951,-0.0885,-0.147
-0.0489,0.167,-0.0221,-0.0438,-0.1,0.125,-0.21,-0.337,0.22,0.234,-0.41,-0.104,-0.0607,-0.0404,0.362,0.412,0.418,0.487,0.366,0.51,0,0.424,-0.229,-0.0551,0.00821,0.468,0.291,0.257,-0.323,-0.219,0.0566,0.398,0.246,0.578,-0.154,0.113,0.219,-0.152,0.0783,-0.218,-0.446,-0.474,-0.515,-0.184,-0.0588,0.162,-0.375,-0.0104,-0.249,-0.199,-0.169,-0.0118,-0.0276,-0.154,0.048,-0.139,-0.257,-0.0914,0.227,0.18,0.427,0.282,-0.267,-0.226,0.189,0.127,0.171,0.219,0.438,0.6,0.526,0.786,0.425,0.0413,0.0565,0.63,0.183,0.236,0.231,-0.234,-0.0194,0.572,-0.00427,0.548,-0.0808,-0.292,0.176,-0.063,-0.242,0.168,-0.445,0.205,-0.152,-0.38,-0.0725,-0.412,-0.118,-0.31,0.105,-0.3,-0.228,0.068,0.284,0.0841,0.323,0.344,-0.242,0.109,-0.229,0.383,0.0836,0.254,0.167,-0.245,-0.0526,-0.169
0.136,-0.04,-0.121,-0.3,-0.341,-0.159,-0.33,-0.403,0.0159,0.162,0.0375,0.045,0.194,-0.133,0.432,0.452,0.171,0.534,0.0674,0.426,0.424,0,0.232,0.199,0.157,0.0838,0.0383,-0.131,-0.0666,-0.0847,0.0971,0.0993,0.0905,0.413,-0.362,-0.127,0.218,-0.292,-0.0871,-0.45,-0.315,-0.489,-0.331,-0.123,-0.222,-0.176,-0.162,0.364,-0.24,0.134,0.361,0.0952,-0.27,-0.25,-0.251,-0.453,-0.391,-0.356,0.0902,-0.0139,0.278,0.0555,0.181,0.166,0.311,-0.0524,-0.0274,0.537,0.0444,0.187,0.309,0.424,0.698,0.46,0.168,0.318,0.39,0.249,-0.0279,-0.0521,-0.0498,0.217,0.15,0.443,0.0548,-0.316,0.126,0.0331,-0.303,-0.119,-0.0738,-0.00214,-0.393,-0.273,-0.175,-0.0596,0.299,-0.239,0.215,0.0542,-0.0858,0.369,0.289,-0.0164,0.189,0.196,-0.0452,0.144,-0.0437,0.284,-0.104,0.153,0.174,-0.0952,0.00837,-0.161
0.569,-0.368,-0.456,-0.473,-0.402,-0.0159,-0.0176,-0.117,0.154,-0.0394,0.791,0.551,0.674,0.114,-0.0477,0.0274,-0.201,0.187,-0.163,-0.237,-0.229,0.232,0,0.609,-0.124,-0.222,-0.48,-0.171,0.457,0.463,-0.125,-0.117,-0.124,0.098,-0.239,-0.249,-0.0808,-0.218,-0.275,-0.396,0.275,0.0565,0.282,-0.163,-0.388,-0.421,0.544,0.296,-0.0667,0.423,0.622,0.169,-0.145,-0.333,-0.243,-0.407,-0.0193,-0.37,-0.111,-0.186,-0.304,-0.139,0.732,0.646,0.489,0.0372,-0.183,0.161,-0.186,-0.111,-0.311,-0.187,0.357,0.719,-0.129,-0.189,0.167,-0.259,-0.203,0.411,0.148,-0.109,0.247,0.184,0.148,-0.108,-0.171,0.0161,-0.205,-0.312,0.0776,-0.324,-0.435,0.165,-0.389,0.363,0.413,-0.0567,0.234,0.468,0.142,0.487,0.213,-0.0812,-0.000716,-0.0716,0.411,0.334,0.221,-0.0438,-0.233,0.00475,0.149,0.328,0.323,0.109
0.424,-0.26,-0.351,-0.285,-0.255,-0.0555,0.0487,-0.0683,0.0597,-0.0502,0.524,0.466,0.351,0.307,-0.0975,0.0913,-0.189,0.134,-0.258,-0.365,-0.0551,0.199,0.609,0,-0.153,0.18,-0.103,0.357,0.306,0.162,-0.379,-0.108,-0.0625,0.18,-0.216,-0.0753,-0.225,-0.237,-0.354,-0.55,0.109,-0.0207,0.0788,-0.352,-0.168,-0.389,0.657,0.384,-0.184,0.109,0.46,0.224,-0.164,-0.316,-0.198,-0.211,-0.117,-0.231,-0.0593,-0.242,-0.345,-0.0558,0.571,0.5,0.3,0.212,-0.181,-0.0457,-0.147,-0.162,-0.226,-0.0911,0.265,0.668,-0.104,0.0307,0.285,0.0955,0.273,0.266,0.112,-0.0402,0.285,0.292,-0.18,-0.291,0.0706,0.189,-0.196,-0.214,-0.0773,-0.324,-0.553,-0.0558,-0.165,0.493,0.618,-0.292,-0.0356,0.425,0.164,0.378,0.434,0.235,0.27,0.132,0.167,0.132,0.306,0.211,0.156,0.279,0.261,0.102,0.262,0.11
0.072,0.132,0.383,0.239,0.188,-0.0945,-0.0743,0.101,-0.119,0.409,-0.187,-0.159,-0.339,0.0183,-0.188,0.222,0.0642,-0.197,-0.21,0.239,0.00821,0.157,-0.124,-0.153,0,0.174,0.355,0.0315,-0.275,-0.445,-0.0315,-0.186,-0.226,-0.301,-0.125,0.293,0.383,0.421,0.299,0.323,-0.139,-0.0942,-0.0623,0.135,0.124,-0.114,-0.312,-0.13,0.239,-0.0319,0.105,0.108,-0.0592,0.393,0.16,0.0832,0.0507,0.248,0.233,-0.00968,0.294,0.425,-0.021,-0.0682,-0.155,-0.0155,0.173,0.257,-0.0961,-0.263,0.382,-0.117,0.00607,-0.143,0.743,0.281,-0.109,0.101,0.0187,-0.202,-0.0434,-0.163,-0.327,-0.194,-0.0285,-0.146,-0.312,-0.189,0.378,0.347,0.161,0.142,0.371,-0.0928,0.141,-0.229,0.0842,0.28,-0.0864,0.16,0.24,0.388,-0.127,-0.00645,0.0971,0.0995,-0.221,-0.356,0.0389,-0.243,-0.0296,0.222,0.271,-0.218,-0.344,-0.0379
-0.0669,0.143,0.299,0.319,0.0704,0.0233,-0.0496,-0.0588,0.284,0.478,-0.232,0.0331,-0.224,0.358,-0.149,0.0204,-0.14,-0.0547,0.0176,0.00866,0.468,0.0838,-0.222,0.18,0.174,0,0.247,0.697,-0.357,-0.228,-0.0204,-0.0242,0.0292,0.247,-0.191,0.125,-0.158,0.23,-0.0355,-0.0461,-0.372,-0.0832,-0.137,-0.289,0.298,0.0667,-0.023,0.0833,-0.164,-0.402,0.0599,0.0191,-0.0178,0.186,0.0381,0.172,-0.183,0.142,0.522,0.266,0.344,0.584,-0.0551,-0.0608,0.139,0.501,0.000787,-0.372,-0.0517,0.202,0.141,0.44,0.0275,0.0149,0.163,0.736,0.17,0.256,0.616,-0.322,0.00167,0.176,-0.0623,0.305,-0.157,-0.345,0.258,0.0308,0.156,0.0464,-0.325,-0.00334,-0.0241,-0.378,0.25,-0.0702,0.194,-0.358,-0.355,0.169,0.396,0.134,0.386,0.373,0.428,0.392,-0.321,-0.226,-0.0238,0.376,0.407,0.445,0.423,-0.41,-0.304,-0.0653
-0.219,0.0883,0.289,0.0663,-0.00651,-0.214,-0.318,-0.24,-0.137,0.0891,-0.484,-0.313,-0.503,0.00301,0.0128,0.0855,0.0349,0.0387,0.0463,0.273,0.291,0.0383,-0.48,-0.103,0.355,0.247,0,0.352,-0.332,-0.499,0.0205,0.00987,0.0931,-0.0605,0.301,0.0971,0.252,0.156,0.402,0.174,-0.129,-0.236,-0.388,0.0669,0.367,0.258,-0.31,-0.0232,-0.0379,-0.26,-0.415,0.196,-0.192,0.2,-0.126,-0.0326,-0.356,-0.033,0.00813,0.148,0.149,0.188,-0.321,-0.456,-0.344,0.0386,0.0184,0.00621,0.0123,0.0394,0.405,0.169,-0.156,-0.412,0.422,0.27,0.00336,0.502,0.377,-0.267,-0.0577,-0.021,-0.19,-0.094,-0.0255,-0.0541,0.0929,0.19,0.248,0.235,0.00417,0.389,0.211,-0.109,0.426,-0.207,-0.0503,-0.15,-0.211,-0.198,-0.0989,-0.214,0.0322,0.24,0.251,0.257,-0.271,-0.37,-0.0218,0.0763,0.248,0.3,0.0616,-0.187,-0.203,0.081
-0.0508,0.121,0.158,0.334,0.199,0.079,0.157,0.113,0.172,0.259,-0.155,0.0524,-0.222,0.493,-0.0669,-0.0056,-0.0586,-0.0178,-0.0672,-0.2,0.257,-0.131,-0.171,0.357,0.0315,0.697,0.352,0,-0.11,-0.304,-0.223,0.0672,0.089,0.235,0.109,0.0896,-0.276,0.224,-0.0254,-0.134,-0.141,-0.11,-0.191,-0.282,0.27,0.0422,0.144,0.13,-0.108,-0.355,-0.0876,0.169,0.00344,0.0843,0.058,0.258,-0.0602,0.14,0.431,0.121,0.0484,0.413,-0.04,-0.0987,-0.0395,0.454,0.0299,-0.434,-0.0103,0.104,-0.0402,0.158,-0.105,0.0485,-0.0146,0.494,0.217,0.246,0.71,-0.0915,-0.109,0.137,0.102,0.218,-0.201,-0.212,0.185,0.249,0.186,-0.074,-0.352,-0.142,-0.177,-0.202,0.168,0.0913,0.208,-0.344,-0.426,0.0351,0.158,-0.0197,0.283,0.411,0.423,0.231,-0.284,-0.314,0.118,0.259,0.44,0.399,0.194,-0.295,-0.0825,0.119
0.518,-0.424,-0.436,-0.327,-0.277,-0.0875,-0.00357,-0.105,-0.0255,-0.181,0.513,0.328,0.313,-0.119,-0.0189,0.1,-0.167,0.143,-0.0989,-0.126,-0.323,-0.0666,0.457,0.306,-0.275,-0.357,-0.332,-0.11,0,0.382,0.0394,-0.26,-0.231,-0.141,0.148,-0.373,-0.319,-0.357,-0.0933,-0.323,0.596,0.188,0.149,-0.214,-0.206,-0.38,0.539,0.224,0.0437,0.553,0.203,0.267,-0.275,-0.48,-0.291,-0.278,0.117,-0.4,-0.268,-0.0173,-0.238,-0.342,0.318,0.224,0.114,-0.213,-0.351,0.0785,-0.304,-0.097,-0.283,-0.172,0.0832,0.28,-0.325,-0.273,-0.213,-0.164,-0.0138,0.794,0.186,-0.307,0.116,-0.0279,0.00332,-0.151,-0.0706,0.22,-0.312,-0.45,-0.0844,-0.15,-0.393,0.505,-0.19,0.44,0.156,0.128,0.113,0.172,-0.154,0.0211,-0.024,0.0525,0.00188,-0.0694,0.619,0.435,0.479,-0.0745,-0.09,-0.158,-0.0512,0.566,0.498,0.292
0.327,-0.332,-0.391,-0.461,-0.387,-0.0751,-0.117,-0.247,0.224,-0.0381,0.497,0.41,0.521,-0.0788,0.0502,-0.212,-0.231,0.0677,0.148,-0.121,-0.219,-0.0847,0.463,0.162,-0.445,-0.228,-0.499,-0.304,0.382,0,0.308,-0.0912,-0.116,-0.00149,-0.114,-0.162,-0.108,-0.404,-0.314,-0.191,0.233,0.454,0.421,-0.196,-0.237,-0.257,0.387,-0.00122,-0.1,0.349,0.183,-0.0615,-0.12,-0.358,-0.312,-0.376,-0.0253,-0.379,-0.31,0.0603,-0.0278,-0.0711,0.352,0.441,0.432,-0.0448,-0.234,-0.105,-0.0651,0.109,-0.263,-0.0214,0.133,0.323,-0.431,-0.222,-0.0329,-0.236,-0.251,0.27,0.397,-0.00126,0.106,0.0223,0.214,0.0271,-4.52e-05,-0.00755,-0.403,-0.226,-0.00453,-0.131,-0.2,0.199,-0.165,0.191,0.115,-0.0261,0.31,0.38,0.187,-0.0318,0.156,-0.151,-0.131,-0.0124,0.489,0.602,0.0241,0.0719,-0.219,-0.149,0.0608,0.458,0.417,-0.0497
-0.00247,-0.0409,0.22,-0.0861,-0.178,-0.158,-0.323,-0.28,0.06,0.17,-0.0389,-0.0642,-0.00573,-0.276,0.18,-0.0594,-0.158,0.0159,0.159,0.129,0.0566,0.0971,-0.125,-0.379,-0.0315,-0.0204,0.0205,-0.223,0.0394,0.308,0,0.00135,0.155,0.0172,0.198,-0.0628,0.189,-0.0295,0.12,0.162,-0.112,0.258,0.168,0.158,0.149,0.193,-0.195,0.112,-0.136,0.19,-0.0457,-0.187,-0.191,-0.000314,-0.307,-0.234,-0.275,-0.255,-0.0286,0.418,0.321,0.0975,-0.0738,-0.0258,0.189,-0.0555,-0.231,-0.0909,-0.177,0.231,-0.0243,0.221,0.0467,-0.194,-0.048,0.0622,0.0336,-0.0521,-0.131,-0.0639,0.15,-0.0802,-0.0295,-0.058,0.15,0.0435,0.111,0.0217,-0.062,-0.00101,-0.0183,0.0742,0.145,-0.0889,0.131,-0.152,-0.0764,-0.0719,0.134,0.103,0.103,-0.153,-0.0928,-0.202,-0.189,0.0445,0.182,0.211,-0.255,0.11,-0.149,-0.172,0.0241,0.108,-0.00895,-0.263
-0.175,0.223,-0.157,-0.0468,0.105,0.215,0.0838,0.0473,0.0647,-0.109,-0.222,-0.161,0.0406,-0.129,0.513,0.0564,0.621,0.232,0.235,0.0854,0.398,0.0993,-0.117,-0.108,-0.186,-0.0242,0.00987,0.0672,-0.26,-0.0912,0.00135,0,0.671,0.71,-0.0465,0.467,0.337,-0.107,-0.3,-0.209,-0.507,-0.414,-0.206,0.142,-0.414,0.178,-0.283,-0.0282,-0.284,0.000809,-0.124,-0.175,0.27,-0.157,0.196,-0.00799,-0.00255,0.037,-0.0801,-0.238,-0.0733,-0.0255,-0.237,-0.19,0.000613,-0.0434,0.264,0.209,0.714,0.206,0.138,0.229,0.0699,0.1,-0.134,-0.00486,0.496,0.0549,-0.146,-0.231,-0.35,0.739,0.535,0.49,0.0907,0.299,0.208,-0.019,-0.176,0.413,-0.268,-0.0739,-0.189,-0.488,-0.537,-0.394,-0.189,-0.209,0.409,-0.356,-0.258,0.0654,-0.0516,-0.292,-0.11,-0.066,-0.222,0.0186,-0.364,0.0329,-0.126,-0.0734,-0.239,-0.199,-0.104,-0.245
-0.138,0.202,0.0387,-0.0848,-0.0468,0.0462,-0.13,-0.0619,0.0293,-0.0856,-0.127,-0.203,-0.0187,-0.162,0.316,-0.0648,0.285,0.0297,0.0098,-0.132,0.246,0.0905,-0.124,-0.0625,-0.226,0.0292,0.0931,0.089,-0.231,-0.116,0.155,0.671,0,0.614,0.199,0.289,0.259,0.0107,-0.186,-0.166,-0.497,-0.312,-0.0734,0.254,-0.167,0.433,-0.121,0.366,-0.235,0.0526,0.00777,-0.298,0.131,-0.0459,-0.0608,-0.0989,-0.202,-0.104,0.0494,-0.128,-0.202,-0.101,-0.114,-0.18,-0.022,0.0996,0.0596,0.0348,0.291,0.0803,-0.109,0.142,-0.0814,-0.0571,-0.167,-0.0934,0.477,0.0703,-0.0993,-0.326,-0.473,0.38,0.552,0.345,0.15,0.265,0.398,0.104,-0.0862,0.226,-0.166,-0.0965,-0.184,-0.548,-0.342,-0.198,-0.0767,-0.228,0.235,-0.229,-0.064,0.0462,-0.045,-0.2,-0.0718,0.0415,-0.207,-0.0349,-0.349,0.0439,-0.116,0.00443,-0.185,-0.288,-0.282,-0.333
0.0367,0.0881,-0.204,-0.16,-0.131,0.112,-0.0853,-0.173,0.211,0.0415,-0.0562,0.048,0.196,0.0057,0.555,0.162,0.41,0.471,0.2,0.0699,0.578,0.413,0.098,0.18,-0.301,0.247,-0.0605,0.235,-0.141,-0.00149,0.0172,0.71,0.614,0,-0.187,0.137,0.0712,-0.213,-0.308,-0.495,-0.497,-0.537,-0.295,-0.13,-0.369,0.0656,-0.122,0.266,-0.347,-0.0123,0.118,0.0142,0.0496,-0.284,-0.0216,-0.216,-0.243,-0.195,0.162,-0.0548,0.00581,0.0789,0.0186,-0.00835,0.265,0.176,0.0995,0.146,0.503,0.381,0.0676,0.508,0.361,0.382,-0.266,0.273,0.606,0.1,0.106,-0.153,-0.283,0.691,0.57,0.766,0.0869,-0.0465,0.347,0.0484,-0.323,0.0319,-0.428,-0.185,-0.507,-0.502,-0.474,-0.263,0.0245,-0.413,0.283,-0.204,-0.196,0.185,0.289,-0.0524,0.172,0.197,-0.102,0.185,-0.16,0.364,-0.0199,0.138,-0.0157,-0.181,0.0341,-0.148
-0.208,0.0819,0.131,0.093,0.0936,0.0412,-0.0471,0.0401,-0.0373,-0.14,-0.136,-0.241,-0.174,-0.0385,-0.0909,-0.138,-0.0606,-0.073,0.0346,-0.0415,-0.154,-0.362,-0.239,-0.216,-0.125,-0.191,0.301,0.109,0.148,-0.114,0.198,-0.0465,0.199,-0.187,0,-0.0794,0.1,0.189,0.255,0.205,0.185,0.144,-0.0582,0.143,0.339,0.315,0.0229,0.15,-0.106,-0.00198,-0.367,-0.122,0.0205,0.0391,-0.16,0.0925,-0.0148,-0.0371,-0.0292,0.182,-0.111,-0.238,-0.203,-0.326,-0.211,-0.0345,-0.0551,-0.181,-0.22,0.0878,-0.154,-0.193,-0.285,-0.445,-0.184,-0.265,-0.142,-0.0606,0.0187,0.0654,-0.0237,-0.23,-0.0761,-0.347,0.0622,0.235,-0.0499,0.399,0.188,-0.0649,0.0882,0.135,0.2,0.21,0.305,0.157,-0.223,0.0363,-0.218,-0.272,-0.102,-0.322,-0.268,0.0384,-0.0551,0.00431,-0.0841,-0.187,0.0166,-0.109,0.056,-0.133,-0.134,-0.0451,-0.0974,0.0104
-0.136,0.287,0.118,0.212,0.367,0.171,0.217,0.342,-0.233,-0.00255,-0.328,-0.332,-0.324,-0.146,0.0258,0.0604,0.487,-0.319,-0.172,-0.0166,0.113,-0.127,-0.249,-0.0753,0.293,0.125,0.0971,0.0896,-0.373,-0.162,-0.0628,0.467,0.289,0.137,-0.0794,0,0.576,0.155,-0.274,0.158,-0.457,0.0201,0.0219,0.126,-0.109,0.0129,-0.141,-0.217,-0.115,-0.122,-0.121,-0.318,0.319,0.208,0.417,0.3,0.201,0.455,-0.137,-0.372,0.0344,0.0829,-0.315,-0.165,-0.216,-0.142,0.33,0.102,0.448,-0.188,0.317,-0.132,-0.178,-0.0922,0.229,-0.0371,0.0677,-0.0083,-0.21,-0.3,-0.103,0.319,0.0468,0.0347,-0.277,0.0826,-0.052,-0.259,-0.035,0.796,-0.0693,-0.0859,0.259,-0.469,-0.18,-0.177,0.0558,0.0455,0.132,-0.0102,0.0929,0.185,-0.153,-0.264,-0.206,0.0589,-0.32,-0.151,-0.228,-0.173,-0.0638,-0.0341,0.0627,-0.322,-0.299,-0.393
-0.0771,0.125,-0.0237,-0.163,-0.0412,-0.00479,-0.124,-0.0607,-0.191,0.00269,-0.244,-0.305,-0.124,-0.352,0.117,0.191,0.416,-0.00398,-0.0404,0.368,0.219,0.218,-0.0808,-0.225,0.383,-0.158,0.252,-0.276,-0.319,-0.108,0.189,0.337,0.259,0.0712,0.1,0.576,0,-0.00396,0.0673,0.195,-0.319,-0.103,-0.0958,0.323,-0.095,0.107,-0.309,-0.135,-0.0773,0.107,-0.0922,-0.297,0.0505,0.0422,0.0239,-0.133,-0.0454,0.0167,-0.263,-0.232,0.18,-0.0467,-0.2,-0.15,-0.0675,-0.304,0.212,0.444,0.278,-0.0516,0.495,0.00648,0.0812,-0.0644,0.344,-0.0678,-0.021,0.0359,-0.476,-0.233,-0.0204,0.155,-0.0998,-0.0784,0.0535,0.0916,-0.163,-0.213,-0.093,0.643,0.129,0.22,0.312,-0.271,-0.124,-0.258,-0.0587,0.143,0.328,-0.0164,-0.0551,0.203,-0.191,-0.37,-0.293,0.0131,-0.223,-0.0214,-0.327,-0.25,-0.317,-0.12,0.0637,-0.167,-0.229,-0.45
-0.197,0.0974,0.474,0.418,0.281,-0.103,0.0488,0.284,0.0249,0.231,-0.135,-0.127,-0.261,0.27,-0.432,-0.352,-0.228,-0.325,-0.261,-0.235,-0.152,-0.292,-0.218,-0.237,0.421,0.23,0.156,0.224,-0.357,-0.404,-0.0295,-0.107,0.0107,-0.213,0.189,0.155,-0.00396,0,0.365,0.618,0.0326,0.119,0.146,0.313,0.437,0.358,-0.247,-0.0966,0.245,-0.366,0.0295,-0.09,0.0311,0.501,0.211,0.304,0.0414,0.381,0.448,0.218,0.0216,0.312,-0.0153,-0.047,-0.107,0.302,-0.0263,-0.318,-0.217,-0.171,-0.176,-0.223,-0.368,-0.349,0.286,0.149,-0.0659,-0.206,0.0905,-0.284,-0.328,-0.254,-0.222,-0.298,-0.0581,0.238,-0.204,-0.143,0.739,0.145,0.232,-0.0113,0.577,0.0444,0.288,-0.167,-0.136,0.13,-0.537,0.00291,0.266,0.0947,-0.116,0.0637,-0.048,-0.0568,-0.218,-0.463,0.0252,-0.161,-0.0156,-0.0262,-0.0794,-0.287,-0.431,-0.00669
0.00807,-0.181,0.2,0.077,-0.0221,-0.307,-0.198,-0.0301,0.0183,0.051,-0.233,-0.155,-0.234,0.0417,-0.231,0.0246,-0.149,0.115,-0.0364,0.116,0.0783,-0.0871,-0.275,-0.354,0.299,-0.0355,0.402,-0.0254,-0.0933,-0.314,0.12,-0.3,-0.186,-0.308,0.255,-0.274,0.0673,0.365,0,0.503,0.347,-0.00851,-0.0659,0.412,0.516,0.333,-0.39,-0.227,0.467,-0.102,-0.176,0.206,-0.284,0.16,-0.0726,-0.0678,-0.0345,-0.0439,0.111,0.247,0.0426,0.0719,-0.112,-0.219,-0.214,0.103,-0.128,-0.00128,-0.286,-0.00846,0.0869,0.0199,-0.189,-0.439,0.182,0.132,-0.453,-0.116,0.0128,0.00216,-0.0736,-0.378,-0.515,-0.361,0.206,0.0277,-0.279,-0.233,0.312,-0.169,0.232,0.381,0.457,0.374,0.442,-0.306,-0.413,0.408,-0.328,-0.155,-0.143,-0.223,-0.134,0.142,0.134,0.0454,0.107,-0.0567,0.127,-0.249,-0.138,0.0153,-0.163,0.211,0.0432,0.167
-0.316,0.0839,0.347,0.296,0.244,-0.0483,0.125,0.273,-0.051,0.0934,-0.258,-0.192,-0.28,-0.0359,-0.37,-0.347,-0.188,-0.357,-0.0522,-0.00165,-0.218,-0.45,-0.396,-0.55,0.323,-0.0461,0.174,-0.134,-0.323,-0.191,0.162,-0.209,-0.166,-0.495,0.205,0.158,0.195,0.618,0.503,0,0.232,0.436,0.316,0.536,0.472,0.454,-0.361,-0.477,0.445,-0.243,-0.236,-0.201,0.128,0.452,0.234,0.34,0.267,0.376,0.069,0.197,0.177,0.162,-0.276,-0.159,-0.291,-0.0893,0.0442,-0.287,-0.127,-0.146,0.0316,-0.257,-0.465,-0.542,0.205,-0.0258,-0.49,-0.303,-0.205,-0.204,-0.101,-0.36,-0.543,-0.603,0.00381,0.273,-0.386,-0.414,0.511,0.259,0.313,0.152,0.859,0.242,0.301,-0.255,-0.397,0.422,-0.32,-0.0296,0.109,-0.271,-0.294,-0.18,-0.399,-0.244,-0.122,-0.277,-0.174,-0.321,-0.196,-0.334,-0.283,-0.0378,-0.316,-0.0513
0.245,-0.478,-0.293,-0.243,-0.235,-0.236,0.0256,-0.0313,0.00286,-0.174,0.402,0.341,0.213,0.0923,-0.314,-0.166,-0.411,0.0645,-0.145,-0.149,-0.446,-0.315,0.275,0.109,-0.139,-0.372,-0.129,-0.141,0.596,0.233,-0.112,-0.507,-0.497,-0.497,0.185,-0.457,-0.319,0.0326,0.347,0.232,0,0.382,0.267,0.0605,0.142,-0.144,0.296,-0.193,0.421,0.209,0.0478,0.329,-0.328,-0.212,-0.222,-0.174,0.176,-0.256,-0.214,0.112,-0.216,-0.211,0.268,0.234,-0.00899,-0.147,-0.372,-0.152,-0.408,-0.202,-0.293,-0.338,-0.159,0.0199,-0.184,-0.232,-0.537,-0.281,-0.0298,0.625,0.147,-0.566,-0.279,-0.424,0.0536,0.0592,-0.322,-0.0164,0.0812,-0.436,0.255,0.0437,0.139,0.847,0.142,0.301,-0.0596,0.392,-0.225,0.139,-0.144,-0.215,-0.0674,0.0467,-0.0787,-0.227,0.538,0.202,0.458,-0.208,-0.163,-0.219,-0.208,0.638,0.424,0.45
0.0149,-0.141,-0.0515,-0.0254,-0.0168,0.0166,0.204,0.151,0.0288,-0.034,0.277,0.21,0.113,0.0575,-0.395,-0.344,-0.468,-0.338,-0.0456,-0.285,-0.474,-0.489,0.0565,-0.0207,-0.0942,-0.0832,-0.236,-0.11,0.188,0.454,0.258,-0.414,-0.312,-0.537,0.144,0.0201,-0.103,0.119,-0.00851,0.436,0.382,0,0.729,0.17,0.288,0.0851,0.331,-0.187,0.256,0.0985,0.0406,-0.224,0.0341,-0.0175,-0.0724,0.149,0.276,0.0748,-0.182,0.172,0.0582,-0.00765,0.105,0.292,0.0807,-0.0469,-0.232,-0.425,-0.343,-0.137,-0.247,-0.309,-0.27,-0.11,-0.179,-0.196,-0.388,-0.361,-0.16,0.148,0.296,-0.459,-0.354,-0.552,-0.0925,0.104,-0.26,-0.198,0.0783,-0.0267,0.256,-0.153,0.38,0.304,0.177,0.286,0.0181,0.269,-0.151,0.421,0.37,-0.203,-0.0159,-0.0623,-0.29,-0.138,0.264,0.105,0.0297,-0.0895,-0.0775,-0.243,-0.055,0.29,0.0887,-0.104
0.132,-0.233,-0.149,-0.146,-0.105,-0.114,0.205,0.183,0.101,-0.102,0.487,0.254,0.241,0.121,-0.299,-0.347,-0.436,-0.285,-0.161,-0.476,-0.515,-0.331,0.282,0.0788,-0.0623,-0.137,-0.388,-0.191,0.149,0.421,0.168,-0.206,-0.0734,-0.295,-0.0582,0.0219,-0.0958,0.146,-0.0659,0.316,0.267,0.729,0,0.372,0.0777,0.107,0.314,-0.028,0.328,0.127,0.416,-0.152,-0.00275,-0.0792,-0.0697,0.0116,0.267,-0.00812,-0.147,-0.068,-0.191,-0.0328,0.337,0.418,0.0859,0.125,-0.243,-0.291,-0.312,-0.329,-0.407,-0.39,-0.259,0.0963,-0.142,-0.294,-0.117,-0.433,-0.254,0.0866,0.0998,-0.375,-0.0972,-0.376,0.155,0.231,-0.2,-0.261,0.0901,-0.0482,0.377,-0.33,0.23,0.175,-0.118,0.232,0.0905,0.351,-0.0676,0.546,0.518,0.0877,-0.0431,-0.174,-0.278,-0.153,0.242,0.111,-0.0182,-0.203,-0.163,-0.215,-0.151,0.292,0.0127,-0.0965
-0.225,-0.0932,-0.00112,-0.00865,0.034,-0.183,0.118,0.212,-0.162,-0.222,-0.0874,-0.252,-0.107,-0.158,-0.156,-0.124,3.27e-05,-0.0944,-0.137,-0.166,-0.184,-0.123,-0.163,-0.352,0.135,-0.289,0.0669,-0.282,-0.214,-0.196,0.158,0.142,0.254,-0.13,0.143,0.126,0.323,0.313,0.412,0.536,0.0605,0.17,0.372,0,0.212,0.58,-0.311,-0.215,0.425,0.0105,0.026,-0.191,-0.00763,0.0501,0.0342,0.0428,0.251,0.0649,-0.161,-0.2,-0.217,-0.161,-0.102,-0.0815,-0.301,-0.0664,-0.0152,0.108,-0.0331,-0.271,-0.0516,-0.213,-0.271,-0.24,0.107,-0.244,-0.0817,-0.22,-0.425,-0.0742,-0.214,-0.191,-0.166,-0.365,0.304,0.462,-0.125,-0.362,0.28,0.182,0.482,0.108,0.482,0.0568,-0.0848,-0.226,-0.384,0.442,-0.0401,-0.0559,0.00264,-0.112,-0.354,-0.265,-0.383,-0.341,-0.0277,-0.136,-0.216,-0.421,-0.347,-0.315,-0.471,0.103,-0.158,-0.0654
-0.167,0.11,0.447,0.408,0.19,-0.165,-0.00786,0.172,-0.118,0.0861,-0.278,-0.222,-0.401,0.125,-0.369,-0.155,-0.286,-0.253,-0.184,-0.108,-0.0588,-0.222,-0.388,-0.168,0.124,0.298,0.367,0.27,-0.206,-0.237,0.149,-0.414,-0.167,-0.369,0.339,-0.109,-0.095,0.437,0.516,0.472,0.142,0.288,0.0777,0.212,0,0.48,-0.0123,0.0572,0.118,-0.355,-0.152,-0.0852,-0.0105,0.354,0.0377,0.288,-0.00197,0.225,0.218,0.277,0.0267,0.108,-0.209,-0.27,-0.233,0.236,-0.0751,-0.45,-0.383,-0.0261,-0.0759,-0.0619,-0.307,-0.45,-0.0352,0.148,-0.334,-0.0445,0.226,-0.164,0.0481,-0.39,-0.551,-0.42,-0.15,-0.174,-0.111,-0.0842,0.279,-0.158,0.0824,0.098,0.403,0.108,0.715,0.143,-0.084,0.0093,-0.526,0.0364,0.211,-0.297,0.0239,0.435,0.103,0.191,-0.126,-0.173,0.0818,-0.0416,0.269,0.00756,-0.0102,-0.188,-0.207,0.02
-0.391,0.203,0.213,0.144,0.0605,-0.0294,0.0152,0.0377,-0.0856,-0.111,-0.319,-0.306,-0.26,-0.113,-0.0637,-0.173,0.0146,-0.111,0.0106,-0.0587,0.162,-0.176,-0.421,-0.389,-0.114,0.0667,0.258,0.0422,-0.38,-0.257,0.193,0.178,0.433,0.0656,0.315,0.0129,0.107,0.358,0.333,0.454,-0.144,0.0851,0.107,0.58,0.48,0,-0.273,0.0182,0.153,-0.283,-0.228,-0.31,0.113,0.151,0.073,0.172,0.0186,0.115,0.137,0.0881,-0.0249,-0.0267,-0.337,-0.357,-0.257,0.115,0.0521,-0.205,0.0635,0.149,-0.00759,0.15,-0.26,-0.446,-0.109,0.0292,-0.00349,-0.0679,-0.0639,-0.306,-0.23,0.00516,-0.192,-0.191,0.0412,0.24,0.109,-0.178,0.223,0.0777,0.0684,0.0789,0.355,-0.14,0.143,-0.213,-0.402,0.00459,-0.181,-0.24,-0.0443,-0.322,-0.11,0.0143,-0.177,-0.0633,-0.257,-0.165,-0.328,-0.0551,-0.0278,-0.185,-0.383,-0.275,-0.313,-0.114
0.455,-0.161,-0.282,-0.152,-0.17,0.0154,0.161,0.0726,-0.0241,-0.158,0.549,0.362,0.278,0.0439,-0.273,-0.179,-0.298,-0.212,-0.256,-0.44,-0.375,-0.162,0.544,0.657,-0.312,-0.023,-0.31,0.144,0.539,0.387,-0.195,-0.283,-0.121,-0.122,0.0229,-0.141,-0.309,-0.247,-0.39,-0.361,0.296,0.331,0.314,-0.311,-0.0123,-0.273,0,0.418,-0.177,0.234,0.33,-0.000113,0.0152,-0.227,-0.168,-0.0098,0.0898,-0.142,-0.225,-0.227,-0.403,-0.28,0.402,0.33,0.123,0.012,-0.216,-0.258,-0.294,-0.238,-0.374,-0.298,-0.047,0.378,-0.323,-0.268,0.00273,-0.0229,0.129,0.383,0.279,-0.27,0.139,-0.0268,-0.186,-0.212,0.0864,0.228,-0.225,-0.258,-0.038,-0.289,-0.403,0.132,-0.0123,0.719,0.508,-0.193,0.00526,0.506,0.267,0.122,0.23,0.292,0.0311,0.0495,0.314,0.219,0.344,0.0105,0.221,-0.000353,0.218,0.163,0.22,0.136
0.289,0.0789,0.0893,-0.091,-0.197,-0.0671,-0.247,-0.175,0.0208,0.0126,0.304,0.0791,0.148,-0.00696,0.158,0.0582,-0.134,0.0299,-0.199,-0.177,-0.0104,0.364,0.296,0.384,-0.13,0.0833,-0.0232,0.13,0.224,-0.00122,0.112,-0.0282,0.366,0.266,0.15,-0.217,-0.135,-0.0966,-0.227,-0.477,-0.193,-0.187,-0.028,-0.215,0.0572,0.0182,0.418,0,-0.381,0.177,0.424,-0.038,-0.0853,-0.0884,-0.293,-0.197,-0.377,-0.243,0.165,0.0228,-0.218,-0.152,0.301,0.0759,0.158,0.213,-0.173,-0.00787,-0.314,-0.0281,-0.288,0.00772,0.173,0.196,-0.185,-0.081,0.377,0.127,0.164,-0.0327,-0.221,-0.0927,0.362,0.23,-0.0882,-0.257,0.298,0.379,-0.141,-0.317,-0.169,-0.278,-0.51,-0.303,0.0109,0.432,0.463,-0.375,-0.0214,0.142,0.187,0.267,0.269,0.258,0.245,0.321,0.0145,0.0413,0.144,0.245,0.187,0.213,0.192,-0.209,-0.152,-0.153
-0.0203,-0.148,-0.0148,0.0236,0.0861,-0.142,0.275,0.191,-0.0544,-0.0283,0.0369,0.0618,-0.0938,0.0994,-0.204,0.0709,-0.143,-0.113,-0.201,-0.12,-0.249,-0.24,-0.0667,-0.184,0.239,-0.164,-0.0379,-0.108,0.0437,-0.1,-0.136,-0.284,-0.235,-0.347,-0.106,-0.115,-0.0773,0.245,0.467,0.445,0.421,0.256,0.328,0.425,0.118,0.153,-0.177,-0.381,0,-0.000874,0.0274,0.23,-0.152,0.0733,0.122,0.0738,0.298,0.0864,0.13,-0.00616,-0.0171,0.103,0.0176,0.106,-0.159,-0.000204,0.0114,0.0327,-0.152,-0.235,-0.0199,-0.189,-0.176,-0.121,0.149,-0.0281,-0.393,-0.256,-0.144,0.194,-0.0686,-0.342,-0.324,-0.33,0.12,0.106,-0.28,-0.415,0.215,-0.12,0.302,0.0483,0.342,0.436,-0.025,-0.114,-0.273,0.635,-0.181,0.0598,-0.0908,-0.0967,-0.153,-0.0292,-0.0679,-0.194,0.132,-0.0606,0.19,-0.236,-0.168,0.0247,-0.187,0.293,0.218,0.219
0.463,-0.256,-0.34,-0.408,-0.345,0.118,-0.216,-0.139,0.0769,0.0577,0.462,0.337,0.417,-0.259,0.0865,0.146,-0.0179,0.143,-0.00045,0.0688,-0.199,0.134,0.423,0.109,-0.0319,-0.402,-0.26,-0.355,0.553,0.349,0.19,0.000809,0.0526,-0.0123,-0.00198,-0.122,0.107,-0.366,-0.102,-0.243,0.209,0.0985,0.127,0.0105,-0.355,-0.283,0.234,0.177,-0.000874,0,0.212,0.00082,-0.0898,-0.364,-0.34,-0.391,0.0685,-0.416,-0.26,0.000284,-0.095,-0.221,0.308,0.225,0.238,-0.304,-0.214,0.297,-0.134,-0.0914,-0.138,-0.0884,0.156,0.239,-0.12,-0.238,-0.0881,-0.218,-0.351,0.41,-0.0363,-0.13,0.225,0.0136,0.182,-0.0134,-0.107,-0.0412,-0.335,-0.192,-0.088,-0.0497,-0.299,0.0956,-0.396,-0.00602,-0.0429,0.228,0.59,0.115,-0.146,0.172,0.0453,-0.258,-0.0776,-0.087,0.626,0.44,0.174,-0.134,-0.462,-0.108,-0.0397,0.479,0.281,-0.107
0.436,-0.305,-0.18,-0.254,-0.306,-0.247,-0.0418,-0.0405,0.167,0.137,0.657,0.403,0.422,0.201,-0.0772,0.0559,-0.267,0.0727,-0.316,-0.298,-0.169,0.361,0.622,0.46,0.105,0.0599,-0.415,-0.0876,0.203,0.183,-0.0457,-0.124,0.00777,0.118,-0.367,-0.121,-0.0922,0.0295,-0.176,-0.236,0.0478,0.0406,0.416,0.026,-0.152,-0.228,0.33,0.424,0.0274,0.212,0,0.0596,-0.223,-0.19,-0.2,-0.297,-0.0642,-0.246,0.104,-0.137,-0.227,0.0517,0.669,0.609,0.357,0.296,-0.322,0.0851,-0.331,-0.332,-0.364,-0.175,0.209,0.542,0.0275,-0.0128,0.213,-0.201,-0.0796,0.13,-0.132,-0.182,0.216,0.145,0.113,-0.0824,-0.0554,-0.0856,-0.0171,-0.215,0.19,-0.337,-0.259,-0.0545,-0.272,0.297,0.451,0.0546,-0.0224,0.518,0.463,0.649,0.229,-0.0231,0.105,-0.0104,0.2,0.189,0.138,0.00179,-0.133,0.089,0.0876,0.13,-0.0379,-0.0984
0.237,-0.332,-0.118,-0.137,-0.106,-0.25,-0.0962,-0.114,-0.0567,-0.148,0.108,0.147,-0.0901,0.12,0.114,0.165,-0.0818,0.275,-0.0676,-0.0281,-0.0118,0.0952,0.169,0.224,0.108,0.0191,0.196,0.169,0.267,-0.0615,-0.187,-0.175,-0.298,0.0142,-0.122,-0.318,-0.297,-0.09,0.206,-0.201,0.329,-0.224,-0.152,-0.191,-0.0852,-0.31,-0.000113,-0.038,0.23,0.00082,0.0596,0,-0.34,-0.115,-0.123,-0.212,-0.153,-0.202,0.00327,0.0754,-0.0835,0.0636,0.151,-0.0348,-0.0266,0.0466,-0.101,0.129,-0.0455,0.00517,0.0851,0.0746,0.153,0.187,0.138,0.156,0.0121,0.163,0.368,0.403,0.0332,-0.00516,0.0366,0.204,0.13,-0.175,0.0161,0.0457,0.0436,-0.328,0.0409,0.0322,-0.262,0.341,0.0734,0.0973,0.123,0.0319,-0.172,-0.043,-0.174,-0.00542,0.104,0.326,0.44,0.19,0.283,-0.0144,0.58,0.12,0.24,0.393,0.0489,0.344,0.374,0.702
-0.236,0.687,0.245,0.521,0.659,0.738,0.578,0.644,-0.0412,-0.0241,-0.249,-0.185,-0.0299,-0.0905,0.163,-0.00117,0.432,-0.269,0.223,-0.0289,-0.0276,-0.27,-0.145,-0.164,-0.0592,-0.0178,-0.192,0.00344,-0.275,-0.12,-0.191,0.27,0.131,0.0496,0.0205,0.319,0.0505,0.0311,-0.284,0.128,-0.328,0.0341,-0.00275,-0.00763,-0.0105,0.113,0.0152,-0.0853,-0.152,-0.0898,-0.223,-0.34,0,0.402,0.69,0.695,0.513,0.683,0.137,-0.179,-0.0278,-0.0615,-0.362,-0.197,-0.165,-0.227,0.695,-0.161,0.431,0.161,-0.00276,-0.182,-0.0795,-0.087,-0.215,-0.19,-0.00988,-0.291,-0.198,-0.276,-0.0716,0.336,-0.0275,0.00935,-0.199,-0.0617,-0.241,-0.224,-0.077,0.206,-0.295,-0.335,0.0515,-0.366,-0.181,-0.0203,-0.173,-0.111,0.225,-0.253,-0.0617,-0.13,-0.181,-0.0959,-0.272,-0.136,-0.391,-0.205,-0.317,-0.106,0.0944,-0.187,-0.0983,-0.438,-0.285,-0.14
-0.27,0.543,0.8,0.673,0.566,0.188,0.122,0.421,-0.0927,0.255,-0.343,-0.262,-0.421,0.0794,-0.162,-0.167,0.0218,-0.588,-0.154,-0.0714,-0.154,-0.25,-0.333,-0.316,0.393,0.186,0.2,0.0843,-0.48,-0.358,-0.000314,-0.157,-0.0459,-0.284,0.0391,0.208,0.0422,0.501,0.16,0.452,-0.212,-0.0175,-0.0792,0.0501,0.354,0.151,-0.227,-0.0884,0.0733,-0.364,-0.19,-0.115,0.402,0,0.489,0.56,0.0759,0.644,0.386,0.0762,0.0657,0.303,-0.284,-0.299,-0.282,0.0847,0.44,-0.287,-0.0255,-0.138,0.00227,-0.255,-0.344,-0.431,0.3,0.0337,-0.133,-0.00558,0.0755,-0.492,-0.1,-0.111,-0.19,-0.161,-0.132,-0.0348,-0.0581,-0.112,0.396,0.236,0.0143,-0.0155,0.424,-0.21,0.383,-0.104,-0.0068,-0.0103,-0.244,-0.0943,0.163,-0.0631,-0.174,0.0676,-0.106,0.0125,-0.42,-0.482,-0.181,-0.128,0.22,0.0572,0.167,-0.492,-0.437,0.0168
-0.235,0.56,0.311,0.613,0.768,0.5,0.624,0.683,-0.228,-0.0856,-0.381,-0.345,-0.286,-0.0436,0.101,0.177,0.526,-0.29,0.0143,-0.0146,0.048,-0.251,-0.243,-0.198,0.16,0.0381,-0.126,0.058,-0.291,-0.312,-0.307,0.196,-0.0608,-0.0216,-0.16,0.417,0.0239,0.211,-0.0726,0.234,-0.222,-0.0724,-0.0697,0.0342,0.0377,0.073,-0.168,-0.293,0.122,-0.34,-0.2,-0.123,0.69,0.489,0,0.718,0.514,0.809,0.199,-0.305,-0.013,0.0376,-0.449,-0.25,-0.325,-0.167,0.69,-0.00863,0.46,0.0464,0.183,-0.158,-0.0946,-0.125,0.0376,-0.0495,-0.145,-0.243,-0.104,-0.177,-0.0197,0.288,-0.208,0.0425,-0.358,-0.123,-0.29,-0.372,0.0295,0.331,-0.198,-0.25,0.19,-0.197,-0.0985,-0.106,-0.161,0.0536,-0.0397,-0.263,-0.161,-0.0491,-0.268,0.00272,-0.158,-0.0308,-0.425,-0.253,-0.153,-0.178,0.18,-0.101,-0.0758,-0.399,-0.19,0.0251
-0.333,0.61,0.44,0.801,0.819,0.501,0.686,0.76,-0.202,-0.0483,-0.404,-0.33,-0.411,0.0592,-0.114,-0.0829,0.23,-0.492,-0.0361,-0.182,-0.139,-0.453,-0.407,-0.211,0.0832,0.172,-0.0326,0.258,-0.278,-0.376,-0.234,-0.00799,-0.0989,-0.216,0.0925,0.3,-0.133,0.304,-0.0678,0.34,-0.174,0.149,0.0116,0.0428,0.288,0.172,-0.0098,-0.197,0.0738,-0.391,-0.297,-0.212,0.695,0.56,0.718,0,0.537,0.836,0.22,-0.125,-0.0105,0.0198,-0.484,-0.335,-0.435,-0.0716,0.529,-0.348,0.189,-0.0531,-0.00453,-0.271,-0.354,-0.317,-0.0557,-0.0717,-0.172,-0.123,0.103,-0.223,-0.0513,0.042,-0.211,-0.207,-0.366,-0.0404,-0.145,-0.144,0.221,0.216,-0.123,-0.215,0.279,-0.173,0.163,0.0983,-0.112,0.00438,-0.258,-0.193,0.0283,-0.238,-0.259,0.153,-0.204,-0.174,-0.449,-0.416,-0.123,-0.134,0.352,-0.146,-0.114,-0.446,-0.273,0.0213
0.0235,0.221,-0.0869,0.367,0.509,0.456,0.688,0.68,-0.159,-0.0708,-0.0174,-0.0662,-0.0466,0.0182,-0.117,0.0636,0.273,-0.204,-0.073,-0.142,-0.257,-0.391,-0.0193,-0.117,0.0507,-0.183,-0.356,-0.0602,0.117,-0.0253,-0.275,-0.00255,-0.202,-0.243,-0.0148,0.201,-0.0454,0.0414,-0.0345,0.267,0.176,0.276,0.267,0.251,-0.00197,0.0186,0.0898,-0.377,0.298,0.0685,-0.0642,-0.153,0.513,0.0759,0.514,0.537,0,0.503,-0.0648,-0.336,-0.132,-0.0855,-0.15,-0.0306,-0.3,-0.207,0.395,-0.0959,0.209,-0.161,-0.0417,-0.37,-0.166,0.00731,-0.223,-0.213,-0.348,-0.452,-0.287,0.202,0.0703,0.0037,-0.241,-0.286,-0.123,-0.0371,-0.43,-0.34,-0.0803,0.0441,-0.079,-0.326,0.153,0.12,-0.273,0.0591,-0.232,0.478,0.102,-0.0214,-0.0488,-0.116,-0.405,-0.192,-0.308,-0.392,-0.0434,0.0242,-0.0632,-0.496,-0.149,-0.35,-0.303,0.0627,0.0304,0.0936
-0.292,0.615,0.497,0.751,0.828,0.469,0.573,0.751,-0.211,0.0122,-0.418,-0.355,-0.4,0.0635,-0.0894,-0.00283,0.339,-0.482,-0.0908,-0.137,-0.0914,-0.356,-0.37,-0.231,0.248,0.142,-0.033,0.14,-0.4,-0.379,-0.255,0.037,-0.104,-0.195,-0.0371,0.455,0.0167,0.381,-0.0439,0.376,-0.256,0.0748,-0.00812,0.0649,0.225,0.115,-0.142,-0.243,0.0864,-0.416,-0.246,-0.202,0.683,0.644,0.809,0.836,0.503,0,0.245,-0.203,-0.00297,0.11,-0.426,-0.29,-0.397,-0.0442,0.624,-0.209,0.264,-0.0848,0.0956,-0.283,-0.271,-0.306,0.0692,-0.0671,-0.182,-0.214,-0.0425,-0.335,-0.0815,0.104,-0.27,-0.166,-0.401,-0.0948,-0.252,-0.311,0.196,0.349,-0.124,-0.251,0.35,-0.262,0.116,-0.0455,-0.123,0.0856,-0.221,-0.216,0.0315,-0.0988,-0.234,0.0143,-0.173,-0.0576,-0.483,-0.414,-0.131,-0.158,0.198,-0.0743,-0.0208,-0.478,-0.349,-0.0347
-0.142,0.356,0.468,0.424,0.257,0.25,0.0707,0.101,0.358,0.574,-0.0935,0.117,-0.013,0.48,0.0169,0.145,-0.063,-0.0176,0.0205,0.0117,0.227,0.0902,-0.111,-0.0593,0.233,0.522,0.00813,0.431,-0.268,-0.31,-0.0286,-0.0801,0.0494,0.162,-0.0292,-0.137,-0.263,0.448,0.111,0.069,-0.214,-0.182,-0.147,-0.161,0.218,0.137,-0.225,0.165,0.13,-0.26,0.104,0.00327,0.137,0.386,0.199,0.22,-0.0648,0.245,0,0.406,0.306,0.601,0.0582,0.034,0.243,0.476,0.24,-0.258,-0.112,0.284,-0.131,0.233,0.146,-0.0231,0.0673,0.523,0.156,-0.126,0.346,-0.276,-0.235,0.085,-0.0166,0.224,-0.0302,-0.22,-0.0126,0.00986,0.28,-0.264,-0.306,-0.218,-0.012,-0.192,0.0745,-0.158,-0.00613,-0.133,-0.304,-0.122,0.155,0.19,0.217,0.141,0.299,0.18,-0.355,-0.31,-0.0758,0.295,0.133,0.326,0.264,-0.456,-0.251,-0.0169
-0.08,-0.0231,0.264,0.0408,-0.178,0.0202,-0.329,-0.323,0.382,0.409,-0.0313,0.268,0.12,0.208,0.00186,-0.102,-0.381,0.208,0.386,0.242,0.18,-0.0139,-0.186,-0.242,-0.00968,0.266,0.148,0.121,-0.0173,0.0603,0.418,-0.238,-0.128,-0.0548,0.182,-0.372,-0.232,0.218,0.247,0.197,0.112,0.172,-0.068,-0.2,0.277,0.0881,-0.227,0.0228,-0.00616,0.000284,-0.137,0.0754,-0.179,0.0762,-0.305,-0.125,-0.336,-0.203,0.406,0,0.504,0.38,0.0537,0.0838,0.463,0.216,-0.259,-0.339,-0.238,0.513,-0.0768,0.384,0.12,-0.213,-0.0558,0.416,-0.107,-0.0989,0.25,-0.0569,-0.0749,-0.103,-0.112,-0.00526,0.079,-0.104,-0.0438,0.0664,0.198,-0.318,-0.171,0.0877,0.136,0.116,0.298,-0.169,-0.14,-0.154,-0.163,-0.129,0.0299,-0.171,0.249,0.0965,0.193,0.0878,0.143,0.000565,-0.00581,0.419,0.0329,0.136,0.108,0.0488,-0.0122,-0.0413
-0.235,0.201,0.171,0.0738,-0.0385,0.151,-0.133,-0.298,0.213,0.47,-0.34,-0.0197,-0.0785,-0.0674,0.205,0.162,0.0299,0.2,0.429,0.669,0.427,0.278,-0.304,-0.345,0.294,0.344,0.149,0.0484,-0.238,-0.0278,0.321,-0.0733,-0.202,0.00581,-0.111,0.0344,0.18,0.0216,0.0426,0.177,-0.216,0.0582,-0.191,-0.217,0.0267,-0.0249,-0.403,-0.218,-0.0171,-0.095,-0.227,-0.0835,-0.0278,0.0657,-0.013,-0.0105,-0.132,-0.00297,0.306,0.504,0,0.481,-0.283,-0.0743,0.269,-0.123,0.118,0.0746,0.11,0.503,0.527,0.534,0.374,-0.0688,0.25,0.617,-0.0637,0.137,0.118,-0.187,0.146,0.172,-0.278,0.0865,-0.0842,-0.243,-0.0831,-0.0775,0.00665,0.125,-0.218,0.175,0.211,-0.0861,0.106,-0.295,-0.0558,-0.0752,0.0382,-0.015,0.0108,-0.0687,0.138,-0.0596,0.0191,0.151,-0.223,-0.0813,-0.253,0.285,0.0357,0.0489,0.254,-0.22,-0.162,-0.237
-0.0598,0.178,0.366,0.234,0.0515,0.0553,-0.124,-0.115,0.459,0.775,-0.0699,0.281,-0.0232,0.471,0.00909,0.0579,-0.0808,-0.0103,0.126,0.152,0.282,0.0555,-0.139,-0.0558,0.425,0.584,0.188,0.413,-0.342,-0.0711,0.0975,-0.0255,-0.101,0.0789,-0.238,0.0829,-0.0467,0.312,0.0719,0.162,-0.211,-0.00765,-0.0328,-0.161,0.108,-0.0267,-0.28,-0.152,0.103,-0.221,0.0517,0.0636,-0.0615,0.303,0.0376,0.0198,-0.0855,0.11,0.601,0.38,0.481,0,0.117,0.126,0.254,0.462,0.118,-0.247,0.0658,0.196,0.133,0.291,0.122,-0.00207,0.285,0.684,0.117,0.0659,0.396,-0.335,-0.00479,0.193,-0.0725,0.202,0.0491,-0.159,-0.0157,-0.0928,0.226,0.0554,-0.267,-0.0251,0.138,-0.216,0.0496,-0.35,0.062,-0.0261,-0.124,0.0932,0.321,0.228,0.332,-0.011,0.282,0.144,-0.236,-0.213,-0.182,0.268,0.0374,0.377,0.369,-0.239,-0.191,-0.0207
0.498,-0.494,-0.327,-0.455,-0.507,-0.216,-0.223,-0.208,0.333,0.2,0.811,0.682,0.639,0.434,-0.191,-0.0825,-0.447,0.18,-0.184,-0.34,-0.267,0.181,0.732,0.571,-0.021,-0.0551,-0.321,-0.04,0.318,0.352,-0.0738,-0.237,-0.114,0.0186,-0.203,-0.315,-0.2,-0.0153,-0.112,-0.276,0.268,0.105,0.337,-0.102,-0.209,-0.337,0.402,0.301,0.0176,0.308,0.669,0.151,-0.362,-0.284,-0.449,-0.484,-0.15,-0.426,0.0582,0.0537,-0.283,0.117,0,0.727,0.523,0.411,-0.395,-0.0524,-0.379,-0.191,-0.445,-0.19,0.209,0.541,-0.0716,-0.068,0.15,-0.257,-0.0553,0.226,-0.0124,-0.272,0.232,0.0617,0.255,-0.0476,-0.133,0.0349,-0.0156,-0.381,0.126,-0.316,-0.318,0.115,-0.241,0.208,0.361,0.0496,0.0367,0.477,0.344,0.511,0.358,-0.117,0.156,-0.0844,0.395,0.243,0.182,0.0473,-0.291,0.14,0.152,0.333,0.205,0.0233
0.316,-0.361,-0.33,-0.396,-0.353,-0.103,0.0363,-0.11,0.304,0.18,0.683,0.634,0.696,0.307,-0.0995,-0.0245,-0.373,0.206,0.00695,-0.266,-0.226,0.166,0.646,0.5,-0.0682,-0.0608,-0.456,-0.0987,0.224,0.441,-0.0258,-0.19,-0.18,-0.00835,-0.326,-0.165,-0.15,-0.047,-0.219,-0.159,0.234,0.292,0.418,-0.0815,-0.27,-0.357,0.33,0.0759,0.106,0.225,0.609,-0.0348,-0.197,-0.299,-0.25,-0.335,-0.0306,-0.29,0.034,0.0838,-0.0743,0.126,0.727,0,0.637,0.161,-0.31,-0.0395,-0.238,-0.0742,-0.388,-0.158,0.327,0.604,-0.0714,-0.0242,0.121,-0.326,-0.154,0.189,0.0703,-0.166,0.125,0.0253,0.0813,0.0234,-0.255,-0.131,-0.0284,-0.233,0.191,-0.301,-0.163,0.125,-0.308,0.195,0.304,0.0203,0.0456,0.461,0.275,0.398,0.295,-0.211,0.00103,-0.224,0.284,0.225,0.0393,0.15,-0.309,0.046,0.102,0.316,0.21,-0.116
0.225,-0.188,-0.202,-0.372,-0.428,0.0548,-0.227,-0.363,0.472,0.306,0.435,0.598,0.656,0.224,0.108,0.081,-0.214,0.392,0.313,0.0873,0.189,0.311,0.489,0.3,-0.155,0.139,-0.344,-0.0395,0.114,0.432,0.189,0.000613,-0.022,0.265,-0.211,-0.216,-0.0675,-0.107,-0.214,-0.291,-0.00899,0.0807,0.0859,-0.301,-0.233,-0.257,0.123,0.158,-0.159,0.238,0.357,-0.0266,-0.165,-0.282,-0.325,-0.435,-0.3,-0.397,0.243,0.463,0.269,0.254,0.523,0.637,0,0.23,-0.206,0.0174,-0.0655,0.438,-0.166,0.346,0.573,0.506,-0.12,0.288,0.235,-0.236,-0.0638,0.071,0.0542,0.159,0.2,0.359,0.135,-0.139,-0.0862,-0.0202,-0.17,-0.267,-0.126,-0.17,-0.28,-0.0546,-0.216,0.00294,0.187,-0.26,0.215,0.212,0.138,0.355,0.438,-0.1,0.173,0.0505,0.227,0.28,-0.0686,0.413,-0.169,0.174,0.309,0.118,0.165,-0.208
0.0518,-0.123,0.152,0.0965,-0.11,-0.165,-0.172,-0.076,0.448,0.336,0.202,0.264,0.0838,0.711,-0.191,-0.121,-0.294,-0.00346,-0.0943,-0.325,0.127,-0.0524,0.0372,0.212,-0.0155,0.501,0.0386,0.454,-0.213,-0.0448,-0.0555,-0.0434,0.0996,0.176,-0.0345,-0.142,-0.304,0.302,0.103,-0.0893,-0.147,-0.0469,0.125,-0.0664,0.236,0.115,0.012,0.213,-0.000204,-0.304,0.296,0.0466,-0.227,0.0847,-0.167,-0.0716,-0.207,-0.0442,0.476,0.216,-0.123,0.462,0.411,0.161,0.23,0,-0.185,-0.379,-0.23,0.0137,-0.303,0.127,-0.106,-0.000198,-0.0573,0.315,0.209,-0.0262,0.36,-0.289,-0.141,-0.0055,0.135,0.162,0.171,-0.0243,0.195,0.116,0.206,-0.227,-0.0742,-0.144,-0.102,-0.202,0.156,-0.0676,0.0959,-0.064,-0.363,0.144,0.446,0.243,0.374,0.202,0.473,0.225,-0.117,-0.109,-0.0243,0.204,0.161,0.423,0.227,-0.13,-0.103,-0.0541
-0.211,0.661,0.268,0.452,0.626,0.588,0.472,0.483,-0.0958,0.037,-0.405,-0.263,-0.155,-0.0683,0.332,0.331,0.627,-0.138,0.192,0.201,0.171,-0.0274,-0.183,-0.181,0.173,0.000787,0.0184,0.0299,-0.351,-0.234,-0.231,0.264,0.0596,0.0995,-0.0551,0.33,0.212,-0.0263,-0.128,0.0442,-0.372,-0.232,-0.243,-0.0152,-0.0751,0.0521,-0.216,-0.173,0.0114,-0.214,-0.322,-0.101,0.695,0.44,0.69,0.529,0.395,0.624,0.24,-0.259,0.118,0.118,-0.395,-0.31,-0.206,-0.185,0,0.168,0.54,0.23,0.323,-0.0107,0.15,-0.0461,0.0312,-0.0143,0.0363,-0.0962,-0.167,-0.245,0.0609,0.426,-0.11,0.137,-0.066,-0.2,-0.225,-0.177,-0.141,0.234,-0.28,-0.215,0.0223,-0.316,-0.144,-0.151,-0.117,-0.0455,0.202,-0.303,-0.182,-0.0494,-0.186,-0.0808,-0.113,-0.00982,-0.514,-0.206,-0.286,-0.101,0.133,0.021,0.0585,-0.463,-0.122,0.00773
0.114,-0.122,-0.304,-0.356,-0.169,-0.104,-0.137,-0.215,-0.233,-0.214,-0.0724,-0.204,0.0669,-0.432,0.324,0.546,0.451,0.341,0.0618,0.436,0.219,0.537,0.161,-0.0457,0.257,-0.372,0.00621,-0.434,0.0785,-0.105,-0.0909,0.209,0.0348,0.146,-0.181,0.102,0.444,-0.318,-0.00128,-0.287,-0.152,-0.425,-0.291,0.108,-0.45,-0.205,-0.258,-0.00787,0.0327,0.297,0.0851,0.129,-0.161,-0.287,-0.00863,-0.348,-0.0959,-0.209,-0.258,-0.339,0.0746,-0.247,-0.0524,-0.0395,0.0174,-0.379,0.168,0,0.238,0.00704,0.475,0.173,0.479,0.22,0.366,-0.0856,0.115,0.171,-0.385,0.182,0.0321,0.204,0.0341,0.202,0.155,-0.00258,-0.0762,-0.0517,-0.232,0.197,0.186,0.253,-0.145,-0.0168,-0.311,-0.166,-0.0417,0.113,0.369,-0.154,-0.313,0.327,-0.134,-0.133,0.0211,0.0446,0.042,0.146,0.0566,-0.0948,-0.191,0.0535,0.0207,0.104,0.146,-0.0389
-0.2,0.377,-0.124,0.0864,0.275,0.394,0.264,0.151,-0.0501,-0.084,-0.36,-0.135,-0.0472,-0.166,0.518,0.198,0.752,0.214,0.341,0.284,0.438,0.0444,-0.186,-0.147,-0.0961,-0.0517,0.0123,-0.0103,-0.304,-0.0651,-0.177,0.714,0.291,0.503,-0.22,0.448,0.278,-0.217,-0.286,-0.127,-0.408,-0.343,-0.312,-0.0331,-0.383,0.0635,-0.294,-0.314,-0.152,-0.134,-0.331,-0.0455,0.431,-0.0255,0.46,0.189,0.209,0.264,-0.112,-0.238,0.11,0.0658,-0.379,-0.238,-0.0655,-0.23,0.54,0.238,0,0.355,0.422,0.284,0.205,0.1,-0.103,0.0834,0.245,0.0468,-0.123,-0.171,-0.051,0.799,0.224,0.447,-0.0818,0.0535,0.0166,-0.212,-0.296,0.44,-0.358,-0.0547,-0.125,-0.358,-0.441,-0.385,-0.205,-0.139,0.452,-0.411,-0.401,-0.0558,-0.0213,-0.2,-0.109,-0.0839,-0.255,0.0628,-0.312,0.0632,-0.0165,-0.0594,-0.157,-0.202,0.0569,-0.0389
-0.153,0.213,-0.0407,-0.0334,-0.0534,0.367,-0.0712,-0.253,0.297,0.152,-0.24,0.0606,0.207,0.00171,0.407,0.244,0.229,0.512,0.671,0.466,0.6,0.187,-0.111,-0.162,-0.263,0.202,0.0394,0.104,-0.097,0.109,0.231,0.206,0.0803,0.381,0.0878,-0.188,-0.0516,-0.171,-0.00846,-0.146,-0.202,-0.137,-0.329,-0.271,-0.0261,0.149,-0.238,-0.0281,-0.235,-0.0914,-0.332,0.00517,0.161,-0.138,0.0464,-0.0531,-0.161,-0.0848,0.284,0.513,0.503,0.196,-0.191,-0.0742,0.438,0.0137,0.23,0.00704,0.355,0,0.293,0.685,0.519,0.0492,-0.26,0.421,0.107,-0.0822,0.106,-0.0345,0.148,0.474,-0.0614,0.389,0.0256,-0.245,-0.0227,-0.0241,-0.266,-0.169,-0.445,-0.0165,-0.185,-0.138,-0.0507,-0.239,-0.225,-0.384,0.145,-0.362,-0.291,-0.208,0.23,0.0521,0.187,0.188,-0.0941,0.127,-0.219,0.458,0.0701,0.0967,0.0903,-0.132,0.116,-0.0246
-0.17,0.15,-0.043,-0.0199,0.017,0.0899,-0.0819,-0.193,-0.239,0.034,-0.518,-0.375,-0.341,-0.3,0.214,0.388,0.447,0.203,0.224,0.7,0.526,0.309,-0.311,-0.226,0.382,0.141,0.405,-0.0402,-0.283,-0.263,-0.0243,0.138,-0.109,0.0676,-0.154,0.317,0.495,-0.176,0.0869,0.0316,-0.293,-0.247,-0.407,-0.0516,-0.0759,-0.00759,-0.374,-0.288,-0.0199,-0.138,-0.364,0.0851,-0.00276,0.00227,0.183,-0.00453,-0.0417,0.0956,-0.131,-0.0768,0.527,0.133,-0.445,-0.388,-0.166,-0.303,0.323,0.475,0.422,0.293,0,0.459,0.311,-0.0786,0.42,0.377,-0.123,0.351,-0.0349,-0.101,0.229,0.304,-0.321,0.135,-0.135,-0.288,-0.0264,-0.185,-0.172,0.462,-0.125,0.339,0.132,-0.164,0.0381,-0.287,-0.0862,-0.00945,0.166,-0.158,-0.244,-0.0538,-0.00943,0.0579,0.0802,0.274,-0.247,-0.0964,-0.0902,0.0284,0.102,0.16,0.228,-0.17,-0.0774,-0.0586
-0.0858,0.0176,-0.0766,-0.154,-0.291,0.0346,-0.323,-0.51,0.261,0.23,-0.3,0.0226,0.0182,-0.083,0.31,0.295,0.158,0.501,0.45,0.5,0.786,0.424,-0.187,-0.0911,-0.117,0.44,0.169,0.158,-0.172,-0.0214,0.221,0.229,0.142,0.508,-0.193,-0.132,0.00648,-0.223,0.0199,-0.257,-0.338,-0.309,-0.39,-0.213,-0.0619,0.15,-0.298,0.00772,-0.189,-0.0884,-0.175,0.0746,-0.182,-0.255,-0.158,-0.271,-0.37,-0.283,0.233,0.384,0.534,0.291,-0.19,-0.158,0.346,0.127,-0.0107,0.173,0.284,0.685,0.459,0,0.499,0.0821,0.0129,0.675,0.218,0.281,0.272,-0.105,0.119,0.472,0.0129,0.567,0.0327,-0.269,0.328,-0.0114,-0.239,-0.0387,-0.368,0.251,-0.215,-0.244,-0.0239,-0.355,-0.136,-0.353,0.137,-0.207,-0.187,-0.0302,0.387,0.178,0.331,0.372,-0.0335,0.168,-0.114,0.542,0.145,0.267,0.251,-0.112,0.0729,-0.0499
0.136,0.00975,-0.254,-0.307,-0.248,0.145,-0.0884,-0.313,0.119,0.141,0.11,0.241,0.401,-0.0538,0.46,0.545,0.228,0.632,0.317,0.421,0.425,0.698,0.357,0.265,0.00607,0.0275,-0.156,-0.105,0.0832,0.133,0.0467,0.0699,-0.0814,0.361,-0.285,-0.178,0.0812,-0.368,-0.189,-0.465,-0.159,-0.27,-0.259,-0.271,-0.307,-0.26,-0.047,0.173,-0.176,0.156,0.209,0.153,-0.0795,-0.344,-0.0946,-0.354,-0.166,-0.271,0.146,0.12,0.374,0.122,0.209,0.327,0.573,-0.106,0.15,0.479,0.205,0.519,0.311,0.499,0,0.591,0.00733,0.352,0.295,-0.000605,-0.0623,0.149,0.183,0.357,0.039,0.489,-0.0205,-0.398,-0.114,-0.0449,-0.404,-0.211,-0.203,-0.147,-0.44,-0.131,-0.288,0.00818,0.218,-0.259,0.291,-0.0195,-0.198,0.303,0.308,-0.03,0.2,0.149,0.0156,0.21,-0.0411,0.392,-0.0675,0.171,0.256,-0.011,0.224,-0.0279
0.342,-0.241,-0.506,-0.374,-0.29,0.0571,0.145,-0.0973,0.0777,0.0079,0.524,0.462,0.549,0.151,0.207,0.196,0.0147,0.393,-0.0571,-0.0785,0.0413,0.46,0.719,0.668,-0.143,0.0149,-0.412,0.0485,0.28,0.323,-0.194,0.1,-0.0571,0.382,-0.445,-0.0922,-0.0644,-0.349,-0.439,-0.542,0.0199,-0.11,0.0963,-0.24,-0.45,-0.446,0.378,0.196,-0.121,0.239,0.542,0.187,-0.087,-0.431,-0.125,-0.317,0.00731,-0.306,-0.0231,-0.213,-0.0688,-0.00207,0.541,0.604,0.506,-0.000198,-0.0461,0.22,0.1,0.0492,-0.0786,0.0821,0.591,0,-0.141,0.104,0.384,-0.0726,-0.0393,0.329,0.128,0.212,0.338,0.463,0.0301,-0.243,-0.051,-0.0109,-0.343,-0.222,-0.0967,-0.393,-0.577,-0.0504,-0.51,0.271,0.474,-0.219,0.272,0.391,0.0384,0.455,0.288,-0.0366,0.0218,-0.055,0.19,0.29,0.0945,0.153,-0.102,0.0456,0.14,0.156,0.336,0.0256
-0.0877,-0.0288,0.281,0.0416,-0.0036,-0.257,-0.201,-0.154,-0.166,0.187,-0.221,-0.216,-0.339,-0.103,-0.219,0.166,-0.0514,-0.206,-0.13,0.227,0.0565,0.168,-0.129,-0.104,0.743,0.163,0.422,-0.0146,-0.325,-0.431,-0.048,-0.134,-0.167,-0.266,-0.184,0.229,0.344,0.286,0.182,0.205,-0.184,-0.179,-0.142,0.107,-0.0352,-0.109,-0.323,-0.185,0.149,-0.12,0.0275,0.138,-0.215,0.3,0.0376,-0.0557,-0.223,0.0692,0.0673,-0.0558,0.25,0.285,-0.0716,-0.0714,-0.12,-0.0573,0.0312,0.366,-0.103,-0.26,0.42,0.0129,0.00733,-0.141,0,0.258,0.0326,0.394,0.088,-0.208,0.0307,-0.129,-0.2,-0.0951,0.0172,0.0503,-0.0439,-0.0173,0.462,0.449,0.349,0.394,0.349,-0.0768,0.166,-0.211,0.115,0.057,-0.106,0.141,0.185,0.336,-0.132,0.0333,0.0965,0.0857,-0.248,-0.443,-0.0277,-0.109,0.126,0.291,0.314,-0.207,-0.328,0.017
-0.0673,0.0702,0.177,0.136,-0.101,0.0162,-0.191,-0.298,0.328,0.583,-0.249,0.136,-0.11,0.27,0.0436,0.206,-0.0337,0.285,0.2,0.37,0.63,0.318,-0.189,0.0307,0.281,0.736,0.27,0.494,-0.273,-0.222,0.0622,-0.00486,-0.0934,0.273,-0.265,-0.0371,-0.0678,0.149,0.132,-0.0258,-0.232,-0.196,-0.294,-0.244,0.148,0.0292,-0.268,-0.081,-0.0281,-0.238,-0.0128,0.156,-0.19,0.0337,-0.0495,-0.0717,-0.213,-0.0671,0.523,0.416,0.617,0.684,-0.068,-0.0242,0.288,0.315,-0.0143,-0.0856,0.0834,0.421,0.377,0.675,0.352,0.104,0.258,0,0.132,0.264,0.53,-0.18,0.0508,0.271,-0.128,0.4,-0.0888,-0.344,0.151,-0.0461,0.101,-0.0197,-0.333,0.156,-0.0196,-0.188,0.126,-0.29,0.0632,-0.216,-0.161,0.023,0.0981,0.125,0.406,0.248,0.42,0.321,-0.181,-0.122,-0.0451,0.411,0.206,0.392,0.382,-0.231,-0.117,0.0193
-0.0953,0.139,-0.00517,-0.0803,-0.0748,-0.0288,-0.0653,-0.178,0.131,0.0417,0.0571,0.0587,0.121,0.0948,0.349,-0.0137,0.113,0.19,0.074,-0.138,0.183,0.39,0.167,0.285,-0.109,0.17,0.00336,0.217,-0.213,-0.0329,0.0336,0.496,0.477,0.606,-0.142,0.0677,-0.021,-0.0659,-0.453,-0.49,-0.537,-0.388,-0.117,-0.0817,-0.334,-0.00349,0.00273,0.377,-0.393,-0.0881,0.213,0.0121,-0.00988,-0.133,-0.145,-0.172,-0.348,-0.182,0.156,-0.107,-0.0637,0.117,0.15,0.121,0.235,0.209,0.0363,0.115,0.245,0.107,-0.123,0.218,0.295,0.384,0.0326,0.132,0,0.356,0.236,-0.25,-0.138,0.5,0.656,0.563,0.149,0.204,0.45,0.384,0.0332,0.0386,-0.0341,-0.148,-0.456,-0.48,-0.298,-0.0109,0.324,-0.518,0.169,0.0336,0.126,0.304,0.186,0.0211,0.108,0.031,-0.247,-0.152,-0.203,0.316,0.174,0.174,0.065,-0.32,-0.0752,-0.0621
-0.162,0.0219,0.096,-0.0189,-0.139,-0.308,-0.264,-0.42,-0.165,-0.00292,-0.334,-0.256,-0.396,-0.144,0.0593,0.0016,-0.00657,-0.0309,-0.00228,0.231,0.236,0.249,-0.259,0.0955,0.101,0.256,0.502,0.246,-0.164,-0.236,-0.0521,0.0549,0.0703,0.1,-0.0606,-0.0083,0.0359,-0.206,-0.116,-0.303,-0.281,-0.361,-0.433,-0.22,-0.0445,-0.0679,-0.0229,0.127,-0.256,-0.218,-0.201,0.163,-0.291,-0.00558,-0.243,-0.123,-0.452,-0.214,-0.126,-0.0989,0.137,0.0659,-0.257,-0.326,-0.236,-0.0262,-0.0962,0.171,0.0468,-0.0822,0.351,0.281,-0.000605,-0.0726,0.394,0.264,0.356,0,0.488,-0.16,0.147,0.153,0.211,0.226,-0.014,0.0343,0.622,0.536,0.127,0.198,0.0818,0.519,-0.154,-0.15,0.282,0.0781,0.29,-0.398,-0.0573,0.0223,0.0238,-0.0734,0.0761,0.406,0.226,0.187,-0.225,-0.227,0.015,0.198,0.501,0.306,0.261,-0.199,-0.0601,0.123
-0.0313,0.0647,0.252,0.266,0.0452,-0.117,-0.0902,-0.161,0.191,0.265,-0.143,0.106,-0.297,0.349,-0.0811,-0.0367,-0.232,0.00771,-0.00628,-0.0995,0.231,-0.0279,-0.203,0.273,0.0187,0.616,0.377,0.71,-0.0138,-0.251,-0.131,-0.146,-0.0993,0.106,0.0187,-0.21,-0.476,0.0905,0.0128,-0.205,-0.0298,-0.16,-0.254,-0.425,0.226,-0.0639,0.129,0.164,-0.144,-0.351,-0.0796,0.368,-0.198,0.0755,-0.104,0.103,-0.287,-0.0425,0.346,0.25,0.118,0.396,-0.0553,-0.154,-0.0638,0.36,-0.167,-0.385,-0.123,0.106,-0.0349,0.272,-0.0623,-0.0393,0.088,0.53,0.236,0.488,0,-0.0463,0.0692,0.0667,0.107,0.277,-0.166,-0.185,0.4,0.415,0.214,-0.193,-0.234,0.106,-0.218,-0.0198,0.346,0.142,0.288,-0.369,-0.41,0.0227,0.156,-0.0407,0.327,0.529,0.498,0.292,-0.14,-0.262,0.224,0.424,0.583,0.421,0.27,-0.182,-0.00294,0.359
0.394,-0.493,-0.517,-0.304,-0.212,-0.0774,0.143,-0.0432,-0.161,-0.274,0.384,0.228,0.232,-0.122,-0.0858,0.206,-0.0768,0.209,-0.12,-0.0475,-0.234,-0.0521,0.411,0.266,-0.202,-0.322,-0.267,-0.0915,0.794,0.27,-0.0639,-0.231,-0.326,-0.153,0.0654,-0.3,-0.233,-0.284,0.00216,-0.204,0.625,0.148,0.0866,-0.0742,-0.164,-0.306,0.383,-0.0327,0.194,0.41,0.13,0.403,-0.276,-0.492,-0.177,-0.223,0.202,-0.335,-0.276,-0.0569,-0.187,-0.335,0.226,0.189,0.071,-0.289,-0.245,0.182,-0.171,-0.0345,-0.101,-0.105,0.149,0.329,-0.208,-0.18,-0.25,-0.16,-0.0463,0,0.255,-0.228,-0.0193,-0.0321,0.0651,-0.121,-0.157,0.0768,-0.222,-0.371,0.0173,-0.064,-0.273,0.596,-0.189,0.403,0.104,0.138,0.0363,0.101,-0.244,0.00376,-0.131,0.0825,-0.0446,-0.188,0.566,0.38,0.491,-0.157,-0.0946,-0.171,-0.165,0.57,0.588,0.44
0.109,-0.0936,-0.129,-0.0863,-0.0778,-0.0138,0.0555,-0.144,-0.0728,0.0049,0.0264,0.026,-0.00934,-0.0965,-0.178,0.127,-0.0834,-0.0416,0.122,0.128,-0.0194,-0.0498,0.148,0.112,-0.0434,0.00167,-0.0577,-0.109,0.186,0.397,0.15,-0.35,-0.473,-0.283,-0.0237,-0.103,-0.0204,-0.328,-0.0736,-0.101,0.147,0.296,0.0998,-0.214,0.0481,-0.23,0.279,-0.221,-0.0686,-0.0363,-0.132,0.0332,-0.0716,-0.1,-0.0197,-0.0513,0.0703,-0.0815,-0.235,-0.0749,0.146,-0.00479,-0.0124,0.0703,0.0542,-0.141,0.0609,0.0321,-0.051,0.148,0.229,0.119,0.183,0.128,0.0307,0.0508,-0.138,0.147,0.0692,0.255,0,-0.0594,-0.346,-0.048,0.0354,-0.204,-0.00289,0.128,-0.236,-0.00643,0.0954,0.182,-0.0234,0.256,0.248,0.243,0.163,-0.0725,0.084,0.35,0.155,-0.0761,-0.0162,0.172,0.00233,0.127,0.129,0.237,0.0305,0.0201,0.217,-0.00972,0.37,0.178,0.363,0.208
-0.177,0.36,-0.0698,0.0606,0.175,0.353,0.112,-0.0216,0.152,0.0676,-0.301,-0.0709,0.0358,-0.0538,0.56,0.237,0.65,0.322,0.401,0.272,0.572,0.217,-0.109,-0.0402,-0.163,0.176,-0.021,0.137,-0.307,-0.00126,-0.0802,0.739,0.38,0.691,-0.23,0.319,0.155,-0.254,-0.378,-0.36,-0.566,-0.459,-0.375,-0.191,-0.39,0.00516,-0.27,-0.0927,-0.342,-0.13,-0.182,-0.00516,0.336,-0.111,0.288,0.042,0.0037,0.104,0.085,-0.103,0.172,0.193,-0.272,-0.166,0.159,-0.0055,0.426,0.204,0.799,0.474,0.304,0.472,0.357,0.212,-0.129,0.271,0.5,0.153,0.0667,-0.228,-0.0594,0,0.392,0.677,-0.00987,-0.0012,0.212,-0.0114,-0.3,0.27,-0.449,-0.0432,-0.33,-0.492,-0.412,-0.335,-0.101,-0.346,0.418,-0.377,-0.251,0.0689,0.113,-0.0875,0.119,0.0901,-0.3,0.0498,-0.308,0.261,0.088,0.139,0.0226,-0.296,-0.00994,-0.0673
0.0516,0.00999,-0.135,-0.159,-0.128,0.0526,-0.0919,-0.128,0.163,-0.0411,0.269,0.211,0.239,0.0952,0.326,-0.129,0.111,0.0916,-0.0276,-0.224,-0.00427,0.15,0.247,0.285,-0.327,-0.0623,-0.19,0.102,0.116,0.106,-0.0295,0.535,0.552,0.57,-0.0761,0.0468,-0.0998,-0.222,-0.515,-0.543,-0.279,-0.354,-0.0972,-0.166,-0.551,-0.192,0.139,0.362,-0.324,0.225,0.216,0.0366,-0.0275,-0.19,-0.208,-0.211,-0.241,-0.27,-0.0166,-0.112,-0.278,-0.0725,0.232,0.125,0.2,0.135,-0.11,0.0341,0.224,-0.0614,-0.321,0.0129,0.039,0.338,-0.2,-0.128,0.656,0.211,0.107,-0.0193,-0.346,0.392,0,0.55,0.157,0.284,0.516,0.414,-0.111,-0.00865,-0.163,-0.169,-0.548,-0.32,-0.476,0.044,0.263,-0.293,0.329,-0.0681,-0.06,0.225,0.0922,-0.148,0.00721,-0.134,0.0486,0.0433,-0.0877,0.154,-0.0134,0.0704,-0.0594,-0.0321,0.0718,-0.0725
0.0966,0.117,-0.078,-0.0835,-0.1,0.144,-0.126,-0.231,0.232,0.156,-0.0129,0.172,0.157,0.0309,0.453,0.279,0.352,0.372,0.18,0.134,0.548,0.443,0.184,0.292,-0.194,0.305,-0.094,0.218,-0.0279,0.0223,-0.058,0.49,0.345,0.766,-0.347,0.0347,-0.0784,-0.298,-0.361,-0.603,-0.424,-0.552,-0.376,-0.365,-0.42,-0.191,-0.0268,0.23,-0.33,0.0136,0.145,0.204,0.00935,-0.161,0.0425,-0.207,-0.286,-0.166,0.224,-0.00526,0.0865,0.202,0.0617,0.0253,0.359,0.162,0.137,0.202,0.447,0.389,0.135,0.567,0.489,0.463,-0.0951,0.4,0.563,0.226,0.277,-0.0321,-0.048,0.677,0.55,0,0.00154,-0.222,0.409,0.114,-0.346,-0.00947,-0.466,-0.0976,-0.595,-0.42,-0.381,-0.14,0.209,-0.452,0.312,-0.145,-0.18,0.317,0.355,0.084,0.271,0.269,-0.0506,0.152,-0.0509,0.446,0.153,0.274,0.263,-0.186,0.133,0.0467
0.0586,-0.337,-0.209,-0.303,-0.335,-0.256,-0.234,-0.212,0.318,0.044,0.165,0.125,0.284,0.0597,0.0278,-0.125,-0.148,0.205,0.26,0.0287,-0.0808,0.0548,0.148,-0.18,-0.0285,-0.157,-0.0255,-0.201,0.00332,0.214,0.15,0.0907,0.15,0.0869,0.0622,-0.277,0.0535,-0.0581,0.206,0.00381,0.0536,-0.0925,0.155,0.304,-0.15,0.0412,-0.186,-0.0882,0.12,0.182,0.113,0.13,-0.199,-0.132,-0.358,-0.366,-0.123,-0.401,-0.0302,0.079,-0.0842,0.0491,0.255,0.0813,0.135,0.171,-0.066,0.155,-0.0818,0.0256,-0.135,0.0327,-0.0205,0.0301,0.0172,-0.0888,0.149,-0.014,-0.166,0.0651,0.0354,-0.00987,0.157,0.00154,0,0.366,0.0621,0.109,0.0852,-0.217,0.322,0.204,0.0115,0.153,-0.0962,-0.232,-0.213,0.103,0.16,0.0815,0.227,0.0628,-0.103,-0.11,0.0109,-0.186,0.172,0.143,-0.108,-0.191,-0.202,-0.00273,-0.14,0.283,0.136,0.145
-0.371,-0.146,-0.0901,-0.108,-0.0506,-0.188,0.00627,0.00986,0.13,-0.207,0.0526,-0.0586,0.0726,-0.00861,-0.113,-0.452,-0.106,-0.114,0.0648,-0.221,-0.292,-0.316,-0.108,-0.291,-0.146,-0.345,-0.0541,-0.212,-0.151,0.0271,0.0435,0.299,0.265,-0.0465,0.235,0.0826,0.0916,0.238,0.0277,0.273,0.0592,0.104,0.231,0.462,-0.174,0.24,-0.212,-0.257,0.106,-0.0134,-0.0824,-0.175,-0.0617,-0.0348,-0.123,-0.0404,-0.0371,-0.0948,-0.22,-0.104,-0.243,-0.159,-0.0476,0.0234,-0.139,-0.0243,-0.2,-0.00258,0.0535,-0.245,-0.288,-0.269,-0.398,-0.243,0.0503,-0.344,0.204,0.0343,-0.185,-0.121,-0.204,-0.0012,0.284,-0.222,0.366,0,0.169,0.145,0.443,0.228,0.552,0.317,0.349,0.171,-0.0982,-0.202,-0.315,0.164,-0.0322,-0.158,0.0199,-0.12,-0.235,-0.272,-0.281,-0.43,0.000798,-0.209,-0.167,-0.181,-0.206,-0.241,-0.392,0.141,-0.0708,-0.00283
-0.17,0.0207,0.0849,-0.0162,-0.185,-0.207,-0.284,-0.341,0.0023,-0.0505,-0.121,-0.129,-0.224,-0.0551,0.0419,-0.169,-0.0794,-0.0995,-0.0899,-0.0947,0.176,0.126,-0.171,0.0706,-0.312,0.258,0.0929,0.185,-0.0706,-4.52e-05,0.111,0.208,0.398,0.347,-0.0499,-0.052,-0.163,-0.204,-0.279,-0.386,-0.322,-0.26,-0.2,-0.125,-0.111,0.109,0.0864,0.298,-0.28,-0.107,-0.0554,0.0161,-0.241,-0.0581,-0.29,-0.145,-0.43,-0.252,-0.0126,-0.0438,-0.0831,-0.0157,-0.133,-0.255,-0.0862,0.195,-0.225,-0.0762,0.0166,-0.0227,-0.0264,0.328,-0.114,-0.051,-0.0439,0.151,0.45,0.622,0.4,-0.157,-0.00289,0.212,0.516,0.409,0.0621,0.169,0,0.455,-0.0311,0.0285,-0.0363,0.285,-0.307,-0.255,0.094,0.09,0.187,-0.362,-0.00513,-0.0452,0.0587,-0.104,0.157,0.255,0.187,0.187,-0.0452,-0.0566,0.00496,0.305,0.332,0.245,0.194,-0.134,-0.0272,0.0651
-0.0394,-0.00844,0.0351,-0.0308,-0.112,-0.123,-0.193,-0.326,0.0425,-0.00492,0.0392,-0.0349,-0.063,0.113,0.0313,-0.105,-0.169,-0.00599,0.00365,-0.00789,-0.063,0.0331,0.0161,0.189,-0.189,0.0308,0.19,0.249,0.22,-0.00755,0.0217,-0.019,0.104,0.0484,0.399,-0.259,-0.213,-0.143,-0.233,-0.414,-0.0164,-0.198,-0.261,-0.362,-0.0842,-0.178,0.228,0.379,-0.415,-0.0412,-0.0856,0.0457,-0.224,-0.112,-0.372,-0.144,-0.34,-0.311,0.00986,0.0664,-0.0775,-0.0928,0.0349,-0.131,-0.0202,0.116,-0.177,-0.0517,-0.212,-0.0241,-0.185,-0.0114,-0.0449,-0.0109,-0.0173,-0.0461,0.384,0.536,0.415,0.0768,0.128,-0.0114,0.414,0.114,0.109,0.145,0.455,0,0.125,-0.181,0.0205,0.187,-0.318,0.0851,0.203,0.354,0.34,-0.382,-0.108,0.016,0.1,-0.0226,-0.0696,0.248,0.156,0.0351,-0.101,-0.114,0.0343,0.126,0.38,0.104,0.148,-0.0869,0.0556,0.104
-0.285,-0.0445,0.369,0.298,0.163,-0.191,0.011,0.106,0.0365,0.127,-0.0965,-0.112,-0.224,0.217,-0.455,-0.418,-0.397,-0.315,-0.15,-0.206,-0.242,-0.303,-0.205,-0.196,0.378,0.156,0.248,0.186,-0.312,-0.403,-0.062,-0.176,-0.0862,-0.323,0.188,-0.035,-0.093,0.739,0.312,0.511,0.0812,0.0783,0.0901,0.28,0.279,0.223,-0.225,-0.141,0.215,-0.335,-0.0171,0.0436,-0.077,0.396,0.0295,0.221,-0.0803,0.196,0.28,0.198,0.00665,0.226,-0.0156,-0.0284,-0.17,0.206,-0.141,-0.232,-0.296,-0.266,-0.172,-0.239,-0.404,-0.343,0.462,0.101,0.0332,0.127,0.214,-0.222,-0.236,-0.3,-0.111,-0.346,0.0852,0.443,-0.0311,0.125,0,0.122,0.451,0.28,0.543,0.169,0.338,-0.0927,-0.0967,0.0543,-0.521,0.00724,0.256,-0.00329,-0.169,0.156,-0.0125,-0.167,-0.215,-0.575,0.049,-0.127,0.149,0.078,-0.0609,-0.186,-0.372,0.131
-0.25,0.239,0.139,0.119,0.224,0.0557,0.0641,0.117,-0.229,-0.0286,-0.39,-0.375,-0.363,-0.278,-0.0406,-0.0274,0.396,-0.321,-0.0486,0.15,0.168,-0.119,-0.312,-0.214,0.347,0.0464,0.235,-0.074,-0.45,-0.226,-0.00101,0.413,0.226,0.0319,-0.0649,0.796,0.643,0.145,-0.169,0.259,-0.436,-0.0267,-0.0482,0.182,-0.158,0.0777,-0.258,-0.317,-0.12,-0.192,-0.215,-0.328,0.206,0.236,0.331,0.216,0.0441,0.349,-0.264,-0.318,0.125,0.0554,-0.381,-0.233,-0.267,-0.227,0.234,0.197,0.44,-0.169,0.462,-0.0387,-0.211,-0.222,0.449,-0.0197,0.0386,0.198,-0.193,-0.371,-0.00643,0.27,-0.00865,-0.00947,-0.217,0.228,0.0285,-0.181,0.122,0,0.098,0.223,0.413,-0.382,-0.0927,-0.273,-0.0218,0.028,0.151,-0.0368,0.0476,0.143,-0.203,-0.27,-0.291,-0.0108,-0.359,-0.241,-0.34,-0.164,-0.023,-0.0795,0.0825,-0.316,-0.369,-0.357
-0.153,-0.357,-0.0799,-0.188,-0.163,-0.499,-0.02,-0.0116,-0.161,-0.333,0.13,-0.122,-0.0287,-0.0899,-0.358,-0.262,-0.372,-0.147,-0.17,-0.209,-0.445,-0.0738,0.0776,-0.0773,0.161,-0.325,0.00417,-0.352,-0.0844,-0.00453,-0.0183,-0.268,-0.166,-0.428,0.0882,-0.0693,0.129,0.232,0.232,0.313,0.255,0.256,0.377,0.482,0.0824,0.0684,-0.038,-0.169,0.302,-0.088,0.19,0.0409,-0.295,0.0143,-0.198,-0.123,-0.079,-0.124,-0.306,-0.171,-0.218,-0.267,0.126,0.191,-0.126,-0.0742,-0.28,0.186,-0.358,-0.445,-0.125,-0.368,-0.203,-0.0967,0.349,-0.333,-0.0341,0.0818,-0.234,0.0173,0.0954,-0.449,-0.163,-0.466,0.322,0.552,-0.0363,0.0205,0.451,0.098,0,0.334,0.432,0.375,0.244,0.146,-0.00429,0.267,-0.283,0.246,0.263,0.0327,-0.237,0.0288,-0.156,-0.234,0.0741,-0.195,0.119,-0.249,-0.0145,-0.0969,-0.142,0.242,-0.0219,0.121
-0.208,-0.176,0.0456,-0.102,-0.22,-0.336,-0.376,-0.407,0.0271,0.0122,-0.346,-0.249,-0.249,-0.274,-0.23,-0.072,-0.0697,0.0121,0.143,0.369,0.205,-0.00214,-0.324,-0.324,0.142,-0.00334,0.389,-0.142,-0.15,-0.131,0.0742,-0.0739,-0.0965,-0.185,0.135,-0.0859,0.22,-0.0113,0.381,0.152,0.0437,-0.153,-0.33,0.108,0.098,0.0789,-0.289,-0.278,0.0483,-0.0497,-0.337,0.0322,-0.335,-0.0155,-0.25,-0.215,-0.326,-0.251,-0.218,0.0877,0.175,-0.0251,-0.316,-0.301,-0.17,-0.144,-0.215,0.253,-0.0547,-0.0165,0.339,0.251,-0.147,-0.393,0.394,0.156,-0.148,0.519,0.106,-0.064,0.182,-0.0432,-0.169,-0.0976,0.204,0.317,0.285,0.187,0.28,0.223,0.334,0,0.344,0.238,0.408,-0.232,-0.276,0.0492,-0.0447,-0.182,-0.125,-0.19,-0.061,0.224,0.118,0.0768,0.025,-0.0825,0.0623,-0.025,0.0977,0.131,0.145,0.1,-0.0115,0.086
-0.353,0.0436,0.332,0.245,0.203,-0.137,0.037,0.177,-0.0511,0.0742,-0.33,-0.273,-0.308,-0.0913,-0.408,-0.305,-0.157,-0.366,-0.0299,0.0643,-0.152,-0.393,-0.435,-0.553,0.371,-0.0241,0.211,-0.177,-0.393,-0.2,0.145,-0.189,-0.184,-0.507,0.2,0.259,0.312,0.577,0.457,0.859,0.139,0.38,0.23,0.482,0.403,0.355,-0.403,-0.51,0.342,-0.299,-0.259,-0.262,0.0515,0.424,0.19,0.279,0.153,0.35,-0.012,0.136,0.211,0.138,-0.318,-0.163,-0.28,-0.102,0.0223,-0.145,-0.125,-0.185,0.132,-0.215,-0.44,-0.577,0.349,-0.0196,-0.456,-0.154,-0.218,-0.273,-0.0234,-0.33,-0.548,-0.595,0.0115,0.349,-0.307,-0.318,0.543,0.413,0.432,0.344,0,0.216,0.379,-0.271,-0.369,0.379,-0.348,-0.0377,0.159,-0.199,-0.288,-0.169,-0.341,-0.174,-0.184,-0.3,-0.172,-0.272,-0.149,-0.248,-0.144,-0.0622,-0.352,-0.127
0.104,-0.459,-0.276,-0.208,-0.195,-0.282,0.032,-0.0955,-0.0287,-0.208,0.249,0.181,0.113,0.0208,-0.291,-0.131,-0.356,0.0885,-0.0689,-0.00539,-0.38,-0.273,0.165,-0.0558,-0.0928,-0.378,-0.109,-0.202,0.505,0.199,-0.0889,-0.488,-0.548,-0.502,0.21,-0.469,-0.271,0.0444,0.374,0.242,0.847,0.304,0.175,0.0568,0.108,-0.14,0.132,-0.303,0.436,0.0956,-0.0545,0.341,-0.366,-0.21,-0.197,-0.173,0.12,-0.262,-0.192,0.116,-0.0861,-0.216,0.115,0.125,-0.0546,-0.202,-0.316,-0.0168,-0.358,-0.138,-0.164,-0.244,-0.131,-0.0504,-0.0768,-0.188,-0.48,-0.15,-0.0198,0.596,0.256,-0.492,-0.32,-0.42,0.153,0.171,-0.255,0.0851,0.169,-0.382,0.375,0.238,0.216,0,0.221,0.229,-0.143,0.38,-0.258,0.0757,-0.159,-0.247,-0.17,0.107,-0.0605,-0.199,0.434,0.16,0.448,-0.202,-0.0728,-0.202,-0.183,0.582,0.437,0.48
-0.15,0.0238,0.469,0.316,0.0972,-0.309,-0.22,-0.0548,-0.112,0.0272,-0.331,-0.259,-0.455,0.0485,-0.386,-0.208,-0.37,-0.275,-0.0999,0.00619,-0.0725,-0.175,-0.389,-0.165,0.141,0.25,0.426,0.168,-0.19,-0.165,0.131,-0.537,-0.342,-0.474,0.305,-0.18,-0.124,0.288,0.442,0.301,0.142,0.177,-0.118,-0.0848,0.715,0.143,-0.0123,0.0109,-0.025,-0.396,-0.272,0.0734,-0.181,0.383,-0.0985,0.163,-0.273,0.116,0.0745,0.298,0.106,0.0496,-0.241,-0.308,-0.216,0.156,-0.144,-0.311,-0.441,-0.0507,0.0381,-0.0239,-0.288,-0.51,0.166,0.126,-0.298,0.282,0.346,-0.189,0.248,-0.412,-0.476,-0.381,-0.0962,-0.0982,0.094,0.203,0.338,-0.0927,0.244,0.408,0.379,0.221,0,0.183,0.0413,-0.0929,-0.548,0.0494,0.216,-0.327,0.0303,0.53,0.249,0.301,-0.0846,-0.206,0.207,0.0647,0.448,0.182,0.242,-0.104,-0.113,0.133
0.189,-0.059,-0.104,0.0051,0.00229,-0.0469,0.255,0.104,-0.247,-0.293,0.346,0.07,0.0469,0.014,-0.218,-0.053,-0.28,-0.225,-0.326,-0.315,-0.412,-0.0596,0.363,0.493,-0.229,-0.0702,-0.207,0.0913,0.44,0.191,-0.152,-0.394,-0.198,-0.263,0.157,-0.177,-0.258,-0.167,-0.306,-0.255,0.301,0.286,0.232,-0.226,0.143,-0.213,0.719,0.432,-0.114,-0.00602,0.297,0.0973,-0.0203,-0.104,-0.106,0.0983,0.0591,-0.0455,-0.158,-0.169,-0.295,-0.35,0.208,0.195,0.00294,-0.0676,-0.151,-0.166,-0.385,-0.239,-0.287,-0.355,0.00818,0.271,-0.211,-0.29,-0.0109,0.0781,0.142,0.403,0.243,-0.335,0.044,-0.14,-0.232,-0.202,0.09,0.354,-0.0927,-0.273,0.146,-0.232,-0.271,0.229,0.183,0,0.609,-0.184,-0.245,0.355,0.235,0.0463,-0.0362,0.359,-0.0235,-0.00814,0.0701,0.00249,0.311,-0.0237,0.377,-0.0202,0.125,0.0311,0.127,0.192
0.329,-0.0335,0.0121,-0.069,-0.114,-0.138,-0.0227,-0.125,-0.115,0.0522,0.32,0.2,0.0457,0.135,-0.0445,0.0419,-0.19,-0.137,-0.369,-0.189,-0.118,0.299,0.413,0.618,0.0842,0.194,-0.0503,0.208,0.156,0.115,-0.0764,-0.189,-0.0767,0.0245,-0.223,0.0558,-0.0587,-0.136,-0.413,-0.397,-0.0596,0.0181,0.0905,-0.384,-0.084,-0.402,0.508,0.463,-0.273,-0.0429,0.451,0.123,-0.173,-0.0068,-0.161,-0.112,-0.232,-0.123,-0.00613,-0.14,-0.0558,0.062,0.361,0.304,0.187,0.0959,-0.117,-0.0417,-0.205,-0.225,-0.0862,-0.136,0.218,0.474,0.115,0.0632,0.324,0.29,0.288,0.104,0.163,-0.101,0.263,0.209,-0.213,-0.315,0.187,0.34,-0.0967,-0.0218,-0.00429,-0.276,-0.369,-0.143,0.0413,0.609,0,-0.338,-0.0849,0.523,0.369,0.433,0.178,0.203,0.0558,0.121,-0.0274,0.0187,0.0862,0.0997,0.305,0.134,0.33,-0.138,0.0755,-0.0221
0.0797,-0.157,-0.0721,-0.0101,0.0632,-0.0592,0.106,0.238,-0.00769,0.0052,0.119,0.0244,-0.0601,0.0435,-0.218,0.0441,-0.0171,-0.112,-0.229,-0.035,-0.31,-0.239,-0.0567,-0.292,0.28,-0.358,-0.15,-0.344,0.128,-0.0261,-0.0719,-0.209,-0.228,-0.413,0.0363,0.0455,0.143,0.13,0.408,0.422,0.392,0.269,0.351,0.442,0.0093,0.00459,-0.193,-0.375,0.635,0.228,0.0546,0.0319,-0.111,-0.0103,0.0536,0.00438,0.478,0.0856,-0.133,-0.154,-0.0752,-0.0261,0.0496,0.0203,-0.26,-0.064,-0.0455,0.113,-0.139,-0.384,-0.00945,-0.353,-0.259,-0.219,0.057,-0.216,-0.518,-0.398,-0.369,0.138,-0.0725,-0.346,-0.293,-0.452,0.103,0.164,-0.362,-0.382,0.0543,0.028,0.267,0.0492,0.379,0.38,-0.0929,-0.184,-0.338,0,0.0367,0.0142,-0.0546,-0.0246,-0.273,-0.34,-0.131,-0.186,0.207,0.0711,0.115,-0.475,-0.427,-0.153,-0.202,0.379,0.0809,0.0176
0.19,0.131,-0.263,-0.301,-0.166,0.317,-0.0859,-0.129,0.0275,0.0384,0.129,0.177,0.302,-0.35,0.382,0.203,0.4,0.168,0.246,0.28,0.105,0.215,0.234,-0.0356,-0.0864,-0.355,-0.211,-0.426,0.113,0.31,0.134,0.409,0.235,0.283,-0.218,0.132,0.328,-0.537,-0.328,-0.32,-0.225,-0.151,-0.0676,-0.0401,-0.526,-0.181,0.00526,-0.0214,-0.181,0.59,-0.0224,-0.172,0.225,-0.244,-0.0397,-0.258,0.102,-0.221,-0.304,-0.163,0.0382,-0.124,0.0367,0.0456,0.215,-0.363,0.202,0.369,0.452,0.145,0.166,0.137,0.291,0.272,-0.106,-0.161,0.169,-0.0573,-0.41,0.0363,0.084,0.418,0.329,0.312,0.16,-0.0322,-0.00513,-0.108,-0.521,0.151,-0.283,-0.0447,-0.348,-0.258,-0.548,-0.245,-0.0849,0.0367,0,-0.0294,-0.251,0.141,-0.00932,-0.385,-0.212,-0.111,0.208,0.395,-0.285,-0.09,-0.331,-0.149,0.00949,0.115,0.173,-0.235
0.42,-0.332,-0.157,-0.228,-0.317,-0.321,-0.0147,-0.0984,0.0134,0.124,0.465,0.305,0.162,0.0856,-0.345,-0.234,-0.478,-0.229,-0.292,-0.269,-0.3,0.0542,0.468,0.425,0.16,0.169,-0.198,0.0351,0.172,0.38,0.103,-0.356,-0.229,-0.204,-0.272,-0.0102,-0.0164,0.00291,-0.155,-0.0296,0.139,0.421,0.546,-0.0559,0.0364,-0.24,0.506,0.142,0.0598,0.115,0.518,-0.043,-0.253,-0.0943,-0.263,-0.193,-0.0214,-0.216,-0.122,-0.129,-0.015,0.0932,0.477,0.461,0.212,0.144,-0.303,-0.154,-0.411,-0.362,-0.158,-0.207,-0.0195,0.391,0.141,0.023,0.0336,0.0223,0.0227,0.101,0.35,-0.377,-0.0681,-0.145,0.0815,-0.158,-0.0452,0.016,0.00724,-0.0368,0.246,-0.182,-0.0377,0.0757,0.0494,0.355,0.523,0.0142,-0.0294,0,0.645,0.332,0.125,0.105,-0.078,0.0487,0.222,0.203,0.0596,-0.152,0.0672,-0.0323,0.266,0.163,0.0538,-0.115
0.151,-0.0956,0.168,0.0722,-0.0928,-0.241,-0.0575,0.015,0.225,0.298,0.249,0.144,0.0229,0.271,-0.401,-0.302,-0.45,-0.363,-0.146,-0.308,-0.228,-0.0858,0.142,0.164,0.24,0.396,-0.0989,0.158,-0.154,0.187,0.103,-0.258,-0.064,-0.196,-0.102,0.0929,-0.0551,0.266,-0.143,0.109,-0.144,0.37,0.518,0.00264,0.211,-0.0443,0.267,0.187,-0.0908,-0.146,0.463,-0.174,-0.0617,0.163,-0.161,0.0283,-0.0488,0.0315,0.155,0.0299,0.0108,0.321,0.344,0.275,0.138,0.446,-0.182,-0.313,-0.401,-0.291,-0.244,-0.187,-0.198,0.0384,0.185,0.0981,0.126,0.0238,0.156,-0.244,0.155,-0.251,-0.06,-0.18,0.227,0.0199,0.0587,0.1,0.256,0.0476,0.263,-0.125,0.159,-0.159,0.216,0.235,0.369,-0.0546,-0.251,0.645,0,0.367,0.103,0.137,0.0797,0.103,-0.0961,-0.0844,-0.086,-0.0486,0.186,0.132,0.282,-0.133,-0.332,-0.166
0.391,-0.0922,-0.0598,-0.148,-0.159,-0.0838,-0.106,-0.0668,0.155,0.288,0.383,0.292,0.245,0.147,-0.0904,0.265,0.0529,0.00946,-0.285,-0.0917,0.068,0.369,0.487,0.378,0.388,0.134,-0.214,-0.0197,0.0211,-0.0318,-0.153,0.0654,0.0462,0.185,-0.322,0.185,0.203,0.0947,-0.223,-0.271,-0.215,-0.203,0.0877,-0.112,-0.297,-0.322,0.122,0.267,-0.0967,0.172,0.649,-0.00542,-0.13,-0.0631,-0.0491,-0.238,-0.116,-0.0988,0.19,-0.171,-0.0687,0.228,0.511,0.398,0.355,0.243,-0.0494,0.327,-0.0558,-0.208,-0.0538,-0.0302,0.303,0.455,0.336,0.125,0.304,-0.0734,-0.0407,0.00376,-0.0761,0.0689,0.225,0.317,0.0628,-0.12,-0.104,-0.0226,-0.00329,0.143,0.0327,-0.19,-0.199,-0.247,-0.327,0.0463,0.433,-0.0246,0.141,0.332,0.367,0,0.181,-0.108,0.0847,0.0585,-0.00172,0.0772,0.00471,0.0156,-0.133,0.145,0.295,-0.144,-0.0832,-0.185
0.153,-0.0959,-0.122,-0.23,-0.389,-0.0302,-0.299,-0.308,0.5,0.338,0.287,0.574,0.37,0.32,0.096,0.015,-0.191,0.283,0.155,0.0192,0.284,0.289,0.213,0.434,-0.127,0.386,0.0322,0.283,-0.024,0.156,-0.0928,-0.0516,-0.045,0.289,-0.268,-0.153,-0.191,-0.116,-0.134,-0.294,-0.0674,-0.0159,-0.0431,-0.354,0.0239,-0.11,0.23,0.269,-0.153,0.0453,0.229,0.104,-0.181,-0.174,-0.268,-0.259,-0.405,-0.234,0.217,0.249,0.138,0.332,0.358,0.295,0.438,0.374,-0.186,-0.134,-0.0213,0.23,-0.00943,0.387,0.308,0.288,-0.132,0.406,0.186,0.0761,0.327,-0.131,-0.0162,0.113,0.0922,0.355,-0.103,-0.235,0.157,-0.0696,-0.169,-0.203,-0.237,-0.061,-0.288,-0.17,0.0303,-0.0362,0.178,-0.273,-0.00932,0.125,0.103,0.181,0,0.22,0.441,0.387,0.152,0.114,0.222,0.671,0.0812,0.411,0.381,0.00432,0.0993,-0.0463
0.093,-0.0178,0.128,0.247,0.0719,-0.174,0.0371,-0.00858,-0.136,-0.105,-0.155,-0.14,-0.291,0.0572,-0.191,-0.0264,-0.18,-0.047,-0.0808,-0.0722,0.0841,-0.0164,-0.0812,0.235,-0.00645,0.373,0.24,0.411,0.0525,-0.151,-0.202,-0.292,-0.2,-0.0524,0.0384,-0.264,-0.37,0.0637,0.142,-0.18,0.0467,-0.0623,-0.174,-0.265,0.435,0.0143,0.292,0.258,-0.0292,-0.258,-0.0231,0.326,-0.0959,0.0676,0.00272,0.153,-0.192,0.0143,0.141,0.0965,-0.0596,-0.011,-0.117,-0.211,-0.1,0.202,-0.0808,-0.133,-0.2,0.0521,0.0579,0.178,-0.03,-0.0366,0.0333,0.248,0.0211,0.406,0.529,0.0825,0.172,-0.0875,-0.148,0.084,-0.11,-0.272,0.255,0.248,0.156,-0.27,0.0288,0.224,-0.169,0.107,0.53,0.359,0.203,-0.34,-0.385,0.105,0.137,-0.108,0.22,0,0.487,0.419,0.0237,-0.0741,0.478,0.207,0.712,0.394,0.264,-0.092,0.106,0.335
0.19,-0.116,0.0518,-0.0136,-0.132,-0.131,-0.283,-0.207,0.24,0.188,0.019,0.119,-0.0322,0.347,0.062,0.3,-0.0571,0.284,0.0969,0.0341,0.323,0.189,-0.000716,0.27,0.0971,0.428,0.251,0.423,0.00188,-0.131,-0.189,-0.11,-0.0718,0.172,-0.0551,-0.206,-0.293,-0.048,0.134,-0.399,-0.0787,-0.29,-0.278,-0.383,0.103,-0.177,0.0311,0.245,-0.0679,-0.0776,0.105,0.44,-0.272,-0.106,-0.158,-0.204,-0.308,-0.173,0.299,0.193,0.0191,0.282,0.156,0.00103,0.173,0.473,-0.113,0.0211,-0.109,0.187,0.0802,0.331,0.2,0.0218,0.0965,0.42,0.108,0.226,0.498,-0.0446,0.00233,0.119,0.00721,0.271,0.0109,-0.281,0.187,0.156,-0.0125,-0.291,-0.156,0.118,-0.341,-0.0605,0.249,-0.0235,0.0558,-0.131,-0.212,-0.078,0.0797,0.0847,0.441,0.487,0,0.568,0.045,-0.0514,0.426,0.38,0.364,0.797,0.423,0.0419,0.058,0.248
0.141,0.0156,0.13,-0.0374,-0.111,-0.0835,-0.368,-0.248,0.0532,0.0843,-0.147,-0.151,-0.197,-0.00667,0.0696,0.182,0.00665,0.0814,-0.0214,0.133,0.344,0.196,-0.0716,0.132,0.0995,0.392,0.257,0.231,-0.0694,-0.0124,0.0445,-0.066,0.0415,0.197,0.00431,0.0589,0.0131,-0.0568,0.0454,-0.244,-0.227,-0.138,-0.153,-0.341,0.191,-0.0633,0.0495,0.321,-0.194,-0.087,-0.0104,0.19,-0.136,0.0125,-0.0308,-0.174,-0.392,-0.0576,0.18,0.0878,0.151,0.144,-0.0844,-0.224,0.0505,0.225,-0.00982,0.0446,-0.0839,0.188,0.274,0.372,0.149,-0.055,0.0857,0.321,0.031,0.187,0.292,-0.188,0.127,0.0901,-0.134,0.269,-0.186,-0.43,0.187,0.0351,-0.167,-0.0108,-0.234,0.0768,-0.174,-0.199,0.301,-0.00814,0.121,-0.186,-0.111,0.0487,0.103,0.0585,0.387,0.419,0.568,0,-0.0159,0.0395,0.313,0.366,0.341,0.539,0.555,-0.149,-0.0929,-0.0477
0.565,-0.6,-0.412,-0.448,-0.461,-0.234,-0.282,-0.21,0.0206,-0.119,0.499,0.41,0.342,-0.134,-0.132,-0.1,-0.298,0.195,-0.101,-0.159,-0.242,-0.0452,0.411,0.167,-0.221,-0.321,-0.271,-0.284,0.619,0.489,0.182,-0.222,-0.207,-0.102,-0.0841,-0.32,-0.223,-0.218,0.107,-0.122,0.538,0.264,0.242,-0.0277,-0.126,-0.257,0.314,0.0145,0.132,0.626,0.2,0.283,-0.391,-0.42,-0.425,-0.449,-0.0434,-0.483,-0.355,0.143,-0.223,-0.236,0.395,0.284,0.227,-0.117,-0.514,0.042,-0.255,-0.0941,-0.247,-0.0335,0.0156,0.19,-0.248,-0.181,-0.247,-0.225,-0.14,0.566,0.129,-0.3,0.0486,-0.0506,0.172,0.000798,-0.0452,-0.101,-0.215,-0.359,0.0741,0.025,-0.184,0.434,-0.0846,0.0701,-0.0274,0.207,0.208,0.222,-0.0961,-0.00172,0.152,0.0237,0.045,-0.0159,0,0.609,0.482,-0.0272,-0.307,-0.103,-0.111,0.787,0.572,0.217
0.579,-0.375,-0.455,-0.441,-0.379,-0.125,-0.173,-0.242,0.0336,-0.0817,0.304,0.295,0.356,-0.23,0.154,0.138,0.0682,0.283,0.0254,0.0267,0.109,0.144,0.334,0.132,-0.356,-0.226,-0.37,-0.314,0.435,0.602,0.211,0.0186,-0.0349,0.185,-0.187,-0.151,-0.0214,-0.463,-0.0567,-0.277,0.202,0.105,0.111,-0.136,-0.173,-0.165,0.219,0.0413,-0.0606,0.44,0.189,-0.0144,-0.205,-0.482,-0.253,-0.416,0.0242,-0.414,-0.31,0.000565,-0.0813,-0.213,0.243,0.225,0.28,-0.109,-0.206,0.146,0.0628,0.127,-0.0964,0.168,0.21,0.29,-0.443,-0.122,-0.152,-0.227,-0.262,0.38,0.237,0.0498,0.0433,0.152,0.143,-0.209,-0.0566,-0.114,-0.575,-0.241,-0.195,-0.0825,-0.3,0.16,-0.206,0.00249,0.0187,0.0711,0.395,0.203,-0.0844,0.0772,0.114,-0.0741,-0.0514,0.0395,0.609,0,0.0908,-0.00554,-0.285,-0.231,-0.131,0.511,0.564,-0.107
0.361,-0.371,-0.165,-0.0777,-0.0982,-0.248,-0.0655,0.0374,-0.126,-0.188,0.239,0.126,-0.0379,0.0099,-0.208,0.034,-0.212,0.06,-0.299,-0.195,-0.229,-0.0437,0.221,0.306,0.0389,-0.0238,-0.0218,0.118,0.479,0.0241,-0.255,-0.364,-0.349,-0.16,0.0166,-0.228,-0.327,0.0252,0.127,-0.174,0.458,0.0297,-0.0182,-0.216,0.0818,-0.328,0.344,0.144,0.19,0.174,0.138,0.58,-0.317,-0.181,-0.153,-0.123,-0.0632,-0.131,-0.0758,-0.00581,-0.253,-0.182,0.182,0.0393,-0.0686,-0.0243,-0.286,0.0566,-0.312,-0.219,-0.0902,-0.114,-0.0411,0.0945,-0.0277,-0.0451,-0.203,0.015,0.224,0.491,0.0305,-0.308,-0.0877,-0.0509,-0.108,-0.167,0.00496,0.0343,0.049,-0.34,0.119,0.0623,-0.172,0.448,0.207,0.311,0.0862,0.115,-0.285,0.0596,-0.086,0.00471,0.222,0.478,0.426,0.313,0.482,0.0908,0,0.12,0.185,0.321,0.158,0.394,0.326,0.522
-0.119,0.0991,0.0567,-0.0947,-0.19,0.0369,-0.212,-0.341,0.327,0.206,-0.00796,0.302,0.174,0.135,0.314,0.157,-0.0943,0.32,0.322,0.0893,0.383,0.284,-0.0438,0.211,-0.243,0.376,0.0763,0.259,-0.0745,0.0719,0.11,0.0329,0.0439,0.364,-0.109,-0.173,-0.25,-0.161,-0.249,-0.321,-0.208,-0.0895,-0.203,-0.421,-0.0416,-0.0551,0.0105,0.245,-0.236,-0.134,0.00179,0.12,-0.106,-0.128,-0.178,-0.134,-0.496,-0.158,0.295,0.419,0.285,0.268,0.0473,0.15,0.413,0.204,-0.101,-0.0948,0.0632,0.458,0.0284,0.542,0.392,0.153,-0.109,0.411,0.316,0.198,0.424,-0.157,0.0201,0.261,0.154,0.446,-0.191,-0.181,0.305,0.126,-0.127,-0.164,-0.249,-0.025,-0.272,-0.202,0.0647,-0.0237,0.0997,-0.475,-0.09,-0.152,-0.0486,0.0156,0.671,0.207,0.38,0.366,-0.0272,-0.00554,0.12,0,0.275,0.406,0.338,-0.11,0.068,0.00805
-0.127,0.23,0.282,0.384,0.266,-0.0454,0.19,0.0777,-0.135,-0.142,-0.289,-0.215,-0.421,0.0327,0.000786,0.00828,-0.0496,-0.211,0.0439,-0.0756,0.0836,-0.104,-0.233,0.156,-0.0296,0.407,0.248,0.44,-0.09,-0.219,-0.149,-0.126,-0.116,-0.0199,0.056,-0.0638,-0.317,-0.0156,-0.138,-0.196,-0.163,-0.0775,-0.163,-0.347,0.269,-0.0278,0.221,0.187,-0.168,-0.462,-0.133,0.24,0.0944,0.22,0.18,0.352,-0.149,0.198,0.133,0.0329,0.0357,0.0374,-0.291,-0.309,-0.169,0.161,0.133,-0.191,-0.0165,0.0701,0.102,0.145,-0.0675,-0.102,0.126,0.206,0.174,0.501,0.583,-0.0946,0.217,0.088,-0.0134,0.153,-0.202,-0.206,0.332,0.38,0.149,-0.023,-0.0145,0.0977,-0.149,-0.0728,0.448,0.377,0.305,-0.427,-0.331,0.0672,0.186,-0.133,0.0812,0.712,0.364,0.341,-0.307,-0.285,0.185,0.275,0,0.36,0.317,-0.335,-0.0715,0.275
0.0674,0.00417,0.156,0.00623,-0.0693,-0.0512,-0.221,-0.188,0.164,0.219,-0.00217,0.0875,-0.0638,0.325,0.0359,0.29,-0.0601,0.0832,0.0204,8.06e-05,0.254,0.153,0.00475,0.279,0.222,0.445,0.3,0.399,-0.158,-0.149,-0.172,-0.0734,0.00443,0.138,-0.133,-0.0341,-0.12,-0.0262,0.0153,-0.334,-0.219,-0.243,-0.215,-0.315,0.00756,-0.185,-0.000353,0.213,0.0247,-0.108,0.089,0.393,-0.187,0.0572,-0.101,-0.146,-0.35,-0.0743,0.326,0.136,0.0489,0.377,0.14,0.046,0.174,0.423,0.021,0.0535,-0.0594,0.0967,0.16,0.267,0.171,0.0456,0.291,0.392,0.174,0.306,0.421,-0.171,-0.00972,0.139,0.0704,0.274,-0.00273,-0.241,0.245,0.104,0.078,-0.0795,-0.0969,0.131,-0.248,-0.202,0.182,-0.0202,0.134,-0.153,-0.149,-0.0323,0.132,0.145,0.411,0.394,0.797,0.539,-0.103,-0.231,0.321,0.406,0.36,0,0.572,-0.083,-0.0424,0.159
0.129,0.114,0.22,0.0466,-0.0999,0.0361,-0.238,-0.219,0.196,0.402,0.0402,0.139,-0.00646,0.142,-0.143,0.173,-0.111,-0.127,-0.0163,0.13,0.167,0.174,0.149,0.261,0.271,0.423,0.0616,0.194,-0.0512,0.0608,0.0241,-0.239,-0.185,-0.0157,-0.134,0.0627,0.0637,-0.0794,-0.163,-0.283,-0.208,-0.055,-0.151,-0.471,-0.0102,-0.383,0.218,0.192,-0.187,-0.0397,0.0876,0.0489,-0.0983,0.167,-0.0758,-0.114,-0.303,-0.0208,0.264,0.108,0.254,0.369,0.152,0.102,0.309,0.227,0.0585,0.0207,-0.157,0.0903,0.228,0.251,0.256,0.14,0.314,0.382,0.065,0.261,0.27,-0.165,0.37,0.0226,-0.0594,0.263,-0.14,-0.392,0.194,0.148,-0.0609,0.0825,-0.142,0.145,-0.144,-0.183,0.242,0.125,0.33,-0.202,0.00949,0.266,0.282,0.295,0.381,0.264,0.423,0.555,-0.111,-0.131,0.158,0.338,0.317,0.572,0,-0.227,-0.11,-0.0473
0.414,-0.653,-0.52,-0.508,-0.426,-0.293,-0.158,-0.2,0.0333,-0.215,0.434,0.339,0.34,-0.0293,-0.0497,-0.0352,-0.252,0.314,0.0253,-0.0951,-0.245,-0.0952,0.328,0.102,-0.218,-0.41,-0.187,-0.295,0.566,0.458,0.108,-0.199,-0.288,-0.181,-0.0451,-0.322,-0.167,-0.287,0.211,-0.0378,0.638,0.29,0.292,0.103,-0.188,-0.275,0.163,-0.209,0.293,0.479,0.13,0.344,-0.438,-0.492,-0.399,-0.446,0.0627,-0.478,-0.456,0.0488,-0.22,-0.239,0.333,0.316,0.118,-0.13,-0.463,0.104,-0.202,-0.132,-0.17,-0.112,-0.011,0.156,-0.207,-0.231,-0.32,-0.199,-0.182,0.57,0.178,-0.296,-0.0321,-0.186,0.283,0.141,-0.134,-0.0869,-0.186,-0.316,0.242,0.1,-0.0622,0.582,-0.104,0.0311,-0.138,0.379,0.115,0.163,-0.133,-0.144,0.00432,-0.092,0.0419,-0.149,0.787,0.511,0.394,-0.11,-0.335,-0.083,-0.227,0,0.61,0.278
0.38,-0.371,-0.468,-0.321,-0.186,-0.0665,0.0805,-0.124,-0.0456,-0.24,0.269,0.31,0.259,0.0407,0.133,0.214,0.0222,0.324,-0.0151,-0.0885,-0.0526,0.00837,0.323,0.262,-0.344,-0.304,-0.203,-0.0825,0.498,0.417,-0.00895,-0.104,-0.282,0.0341,-0.0974,-0.299,-0.229,-0.431,0.0432,-0.316,0.424,0.0887,0.0127,-0.158,-0.207,-0.313,0.22,-0.152,0.218,0.281,-0.0379,0.374,-0.285,-0.437,-0.19,-0.273,0.0304,-0.349,-0.251,-0.0122,-0.162,-0.191,0.205,0.21,0.165,-0.103,-0.122,0.146,0.0569,0.116,-0.0774,0.0729,0.224,0.336,-0.328,-0.117,-0.0752,-0.0601,-0.00294,0.588,0.363,-0.00994,0.0718,0.133,0.136,-0.0708,-0.0272,0.0556,-0.372,-0.369,-0.0219,-0.0115,-0.352,0.437,-0.113,0.127,0.0755,0.0809,0.173,0.0538,-0.332,-0.0832,0.0993,0.106,0.058,-0.0929,0.572,0.564,0.326,0.068,-0.0715,-0.0424,-0.11,0.61,0,0.319
0.0971,-0.173,-0.036,0.0505,0.0476,-0.145,0.0902,0.0594,-0.0749,-0.181,0.0619,0.0846,-0.117,0.0491,-0.0808,0.0141,-0.1,0.0729,-0.0392,-0.147,-0.169,-0.161,0.109,0.11,-0.0379,-0.0653,0.081,0.119,0.292,-0.0497,-0.263,-0.245,-0.333,-0.148,0.0104,-0.393,-0.45,-0.00669,0.167,-0.0513,0.45,-0.104,-0.0965,-0.0654,0.02,-0.114,0.136,-0.153,0.219,-0.107,-0.0984,0.702,-0.14,0.0168,0.0251,0.0213,0.0936,-0.0347,-0.0169,-0.0413,-0.237,-0.0207,0.0233,-0.116,-0.208,-0.0541,0.00773,-0.0389,-0.0389,-0.0246,-0.0586,-0.0499,-0.0279,0.0256,0.017,0.0193,-0.0621,0.123,0.359,0.44,0.208,-0.0673,-0.0725,0.0467,0.145,-0.00283,0.0651,0.104,0.131,-0.357,0.121,0.086,-0.127,0.48,0.133,0.192,-0.0221,0.0176,-0.235,-0.115,-0.166,-0.185,-0.0463,0.335,0.248,-0.0477,0.217,-0.107,0.522,0.00805,0.275,0.159,-0.0473,0.278,0.319,0